anchors,bucket,case_index,graph_folded,graph_max_offset_m,ppo_better,ppo_folded,ppo_max_offset_m,ppo_minus_graph_m
20,Random 16-32,0,0,0.12912230834869415,1,0,0.129116029753253,-6.27859544113929e-06
22,Random 16-32,1,0,0.12766324385286154,1,0,0.12765708725043698,-6.156602424561841e-06
17,Random 16-32,2,0,0.290072016215937,1,0,0.2900455739074544,-2.6442308482588217e-05
32,Random 16-32,3,0,0.11754120601101137,1,0,0.1175300575109986,-1.1148500012769791e-05
28,Random 16-32,4,0,0.2759553323811316,1,0,0.2759351529963418,-2.0179384789820176e-05
31,Random 16-32,5,0,0.1335848226032447,1,0,0.13354419413400356,-4.062846924113295e-05
27,Random 16-32,6,0,0.18932751748083437,0,0,0.1893422033791526,1.4685898318239632e-05
25,Random 16-32,7,0,0.13462632084120907,1,0,0.13462632084002016,-1.1889100814954645e-12
24,Random 16-32,8,0,0.18859683792574836,1,0,0.18857052523190965,-2.6312693838709267e-05
26,Random 16-32,9,0,0.11916698709385279,1,0,0.1191475813914012,-1.940570245158313e-05
30,Random 16-32,10,0,0.09685374820546526,1,0,0.09683664504731924,-1.7103158146014596e-05
18,Random 16-32,11,0,0.10153082533366246,1,0,0.10152029566546311,-1.0529668199352193e-05
20,Random 16-32,12,0,0.14742923737945673,1,0,0.1474173879504311,-1.18494290256288e-05
30,Random 16-32,13,0,0.14101345591666772,1,0,0.14099392720823029,-1.952870843743848e-05
31,Random 16-32,14,0,0.1486271069230546,1,0,0.14858925658037447,-3.78503426801402e-05
24,Random 16-32,15,0,0.1329435353043198,1,0,0.1329262822370531,-1.7253067266687072e-05
23,Random 16-32,16,0,0.14349517200343928,1,0,0.14343401122510835,-6.116077833093203e-05
30,Random 16-32,17,0,0.11467471945519546,1,0,0.11464728090493997,-2.7438550255484695e-05
16,Random 16-32,18,0,0.46543751688682067,1,0,0.4651687864659301,-0.00026873042089059496
31,Random 16-32,19,0,0.2504582319026154,1,0,0.25040579641556293,-5.243548705247125e-05
21,Random 16-32,20,0,0.12419654761530251,1,0,0.12419405020774214,-2.4974075603645396e-06
32,Random 16-32,21,0,0.1401700116822196,1,0,0.14013417441462653,-3.58372675930696e-05
25,Random 16-32,22,0,0.24908847991343744,1,0,0.24907893804462888,-9.541868808554677e-06
26,Random 16-32,23,0,0.09773229616036963,1,0,0.09765749848341021,-7.479767695942052e-05
27,Random 16-32,24,0,0.09731322748789366,1,0,0.09728113445681902,-3.209303107463979e-05
20,Random 16-32,25,0,0.11421123043904466,1,0,0.11420377927465968,-7.451164384983389e-06
16,Random 16-32,26,0,0.11497535643699144,0,0,0.11499010440980374,1.4747972812298449e-05
21,Random 16-32,27,0,0.1474590985429559,1,0,0.14743244440785708,-2.665413509883585e-05
17,Random 16-32,28,0,0.13550038852836604,0,0,0.1355024931982604,2.1046698943649744e-06
31,Random 16-32,29,0,0.21733927522573626,1,0,0.2172878101009801,-5.146512475615039e-05
31,Random 16-32,30,0,0.14445962604750986,1,0,0.14440404596935794,-5.558007815192889e-05
26,Random 16-32,31,0,0.1653881871095728,1,0,0.16533918163950836,-4.9005470064422685e-05
29,Random 16-32,32,0,0.11192105182465666,1,0,0.11189768528503445,-2.3366539622204918e-05
27,Random 16-32,33,0,0.16111027159044697,1,0,0.16108817948648943,-2.2092103957538356e-05
27,Random 16-32,34,0,0.16659911093914995,1,0,0.16657006199461533,-2.9048944534620924e-05
29,Random 16-32,35,0,0.12104103971748326,1,0,0.12100631818429279,-3.472153319046545e-05
21,Random 16-32,36,0,0.2667818622782677,1,0,0.26669280131067735,-8.906096759037085e-05
25,Random 16-32,37,0,0.08940865915759727,1,0,0.08940343904658062,-5.220111016654427e-06
16,Random 16-32,38,0,0.41853530434184993,1,0,0.4184183054661917,-0.0001169988756582474
30,Random 16-32,39,0,0.11903391122060798,1,0,0.11899835283481752,-3.555838579046011e-05
24,Random 16-32,40,0,0.09365330873946619,1,0,0.09362882870102437,-2.4480038441812568e-05
25,Random 16-32,41,0,0.09508696902980766,1,0,0.09507004014654981,-1.6928883257855132e-05
29,Random 16-32,42,0,0.08889230047266998,1,0,0.08887765834002817,-1.4642132641809469e-05
32,Random 16-32,43,0,0.09001320290568762,1,0,0.08998934667037506,-2.3856235312563756e-05
20,Random 16-32,44,0,0.13815293596177652,1,0,0.13813448412722154,-1.8451834554983337e-05
29,Random 16-32,45,0,0.48704505279492194,1,0,0.4862597567814709,-0.0007852960134510645
17,Random 16-32,46,0,0.16676524836253756,1,0,0.16674228234516622,-2.2966017371339742e-05
17,Random 16-32,47,0,0.19352258484045518,1,0,0.19321767175622728,-0.00030491308422789243
30,Random 16-32,48,0,0.118320976786611,1,0,0.11829816495646286,-2.2811830148142254e-05
26,Random 16-32,49,0,0.07950365499575064,1,0,0.07949775781435425,-5.897181396388729e-06
30,Random 16-32,50,0,0.12824136635996275,1,0,0.1281995753380404,-4.17910219223383e-05
19,Random 16-32,51,0,0.07915270436744837,1,0,0.07913727906954225,-1.542529790611591e-05
31,Random 16-32,52,0,0.1315678519483266,1,0,0.13156355112153195,-4.300826794645385e-06
31,Random 16-32,53,0,0.10244413513714824,1,0,0.10243017415052667,-1.3960986621569527e-05
30,Random 16-32,54,0,0.08742135502092661,1,0,0.08740314519411067,-1.82098268159403e-05
32,Random 16-32,55,0,0.1818972746847027,1,0,0.18186071582620536,-3.6558858497348634e-05
18,Random 16-32,56,0,0.14823706211877088,0,0,0.14823985389771402,2.7917789431342044e-06
28,Random 16-32,57,0,0.15590506715473976,1,0,0.15588018008751892,-2.488706722084122e-05
21,Random 16-32,58,0,0.28227914817811545,0,0,0.2822811718193248,2.023641209381033e-06
28,Random 16-32,59,0,0.14043989194349282,1,0,0.1404182671710938,-2.162477239903149e-05
28,Random 16-32,60,0,0.1251023190675289,1,0,0.12510179879899538,-5.202685335048418e-07
25,Random 16-32,61,0,0.15371928931557555,1,0,0.1537043831294506,-1.4906186124957754e-05
30,Random 16-32,62,0,0.22132249250460623,1,0,0.22130755645602515,-1.4936048581076777e-05
29,Random 16-32,63,0,0.38750659579887997,1,0,0.38744780818349367,-5.878761538630206e-05
18,Random 16-32,64,0,0.13942100487031023,1,0,0.13938581810813272,-3.518676217750816e-05
27,Random 16-32,65,0,0.22344847179985233,0,0,0.22351245654785595,6.398474800362042e-05
29,Random 16-32,66,0,0.13722807743851562,1,0,0.13721328231698737,-1.4795121528243804e-05
22,Random 16-32,67,0,0.14708633240757613,1,0,0.1470579674290174,-2.8364978558736986e-05
21,Random 16-32,68,0,0.41244138429138916,1,0,0.41235035975045564,-9.102454093351531e-05
17,Random 16-32,69,0,0.09380735437348549,1,0,0.09378449712214366,-2.285725134182348e-05
19,Random 16-32,70,0,9.632048865961503,1,0,8.577871769163615,-1.054177096797888
22,Random 16-32,71,0,0.34105525708206236,0,0,0.341431003272207,0.0003757461901446324
20,Random 16-32,72,0,0.15506985204393925,1,0,0.1550510338963173,-1.8818147621946224e-05
20,Random 16-32,73,0,0.1467013427148174,1,0,0.14669499066738473,-6.352047432683916e-06
18,Random 16-32,74,0,0.09430797353015641,1,0,0.09429953465463697,-8.43887551943423e-06
29,Random 16-32,75,0,0.1639625074298682,1,0,0.16393576787511704,-2.6739554751159522e-05
17,Random 16-32,76,0,0.15356851642237943,0,0,0.15357016681650237,1.6503941229484287e-06
23,Random 16-32,77,0,0.13757557381966062,1,0,0.13755305695935968,-2.25168603009418e-05
16,Random 16-32,78,0,0.08925314584385648,1,0,0.08925133573214789,-1.8101117085916885e-06
31,Random 16-32,79,0,0.15140239423375973,1,0,0.15138958483608211,-1.2809397677615575e-05
27,Grid >=16,0,0,0.23404073837967046,1,0,0.23398245247808597,-5.828590158449276e-05
20,Grid >=16,1,0,0.1442350578045357,1,0,0.14423505778610135,-1.843433738990541e-11
35,Grid >=16,2,0,0.13463964979116716,1,0,0.13463548987382018,-4.159917346979736e-06
20,Grid >=16,3,0,0.15840510586151013,1,0,0.15838814720738875,-1.6958654121379535e-05
24,Grid >=16,4,0,1.388754344169137,0,0,5.72183161032359,4.3330772661544525
25,Grid >=16,5,0,1.0201756212104667,1,0,1.0197671342949732,-0.0004084869154934445
20,Grid >=16,6,0,0.15439574706994338,0,0,0.15439574710392415,3.398076264815586e-11
20,Grid >=16,7,0,0.14258587568396616,0,0,0.14258587605738826,3.73422098798315e-10
35,Grid >=16,8,0,0.21156920700448512,1,0,0.2115556421353658,-1.3564869119325751e-05
28,Grid >=16,9,0,0.18811521725367517,1,0,0.18787514883919,-0.00024006841448517835
24,Grid >=16,10,0,0.3414490641245966,0,0,0.34148857069391625,3.950656931966945e-05
49,Grid >=16,11,0,0.2635514700461656,1,0,0.26351771380100814,-3.37562451574458e-05
19,Grid >=16,12,0,0.2165523824718838,1,0,0.216542486284903,-9.896186980801192e-06
37,Grid >=16,13,0,0.24921080079471594,0,0,0.2492174968367217,6.696042005760461e-06
21,Grid >=16,14,0,0.21999752132483816,1,0,0.21999539277072985,-2.1285541083049253e-06
24,Grid >=16,15,0,0.15199469048758119,1,0,0.1519748853755427,-1.980511203847346e-05
24,Grid >=16,16,0,0.36651176879005837,1,0,0.3663390578363868,-0.00017271095367155098
20,Grid >=16,17,0,0.15301023890977541,1,0,0.1530102389096763,-9.911516052341085e-14
24,Grid >=16,18,0,0.23574998560153057,1,0,0.23571368352857913,-3.63020729514385e-05
32,Grid >=16,19,0,0.22828640814312356,0,0,0.22830063136818937,1.4223225065806977e-05
19,Grid >=16,20,0,0.19599849626381963,0,0,0.19605312724010301,5.463097628338742e-05
32,Grid >=16,21,0,0.20790465976985015,1,0,0.20789928564387009,-5.37412598006215e-06
18,Grid >=16,22,0,0.20395388257555785,0,0,0.20395628398147939,2.4014059215315964e-06
45,Grid >=16,23,0,0.18560543233993818,1,0,0.18559488104481728,-1.0551295120897475e-05
42,Grid >=16,24,0,0.16257506794787743,0,0,0.16257506799592492,4.80474826591859e-11
22,Grid >=16,25,0,0.22990226706380243,1,0,0.2298858705959294,-1.639646787301996e-05
19,Grid >=16,26,0,1.2671079535177139,0,0,4.690301992784895,3.423194039267181
25,Grid >=16,27,0,0.16710085661336593,1,0,0.16710085641503905,-1.9832688269438847e-10
24,Grid >=16,28,0,0.17216459292824957,1,0,0.17214969657085158,-1.489635739798656e-05
25,Grid >=16,29,0,0.21572994064097475,0,0,0.21572994085810768,2.1713292275293838e-10
45,Grid >=16,30,0,2.307565539339047,1,0,2.253185185183876,-0.05438035415517106
28,Grid >=16,31,0,0.2181266313625602,0,0,0.218130187821938,3.5564593778014686e-06
27,Grid >=16,32,0,0.2543773688563077,1,0,0.2543169848122268,-6.03840440808745e-05
20,Grid >=16,33,0,0.46794310142495926,0,0,0.4685793384733686,0.000636237048409316
28,Grid >=16,34,0,0.19804847426616776,1,0,0.19801474595684848,-3.3728309319275285e-05
27,Grid >=16,35,0,0.3811250825458691,1,0,0.3811069405847664,-1.814196110266897e-05
20,Grid >=16,36,0,0.20484088007790413,0,0,0.20484088007814452,2.40391040406962e-13
32,Grid >=16,37,0,0.15952297060623216,1,0,0.15949297932241205,-2.999128382011329e-05
20,Grid >=16,38,0,0.15874677950856564,1,0,0.15874091760622958,-5.861902336062874e-06
30,Grid >=16,39,0,0.19810337557423363,1,0,0.19809410980283043,-9.265771403199619e-06
20,Grid >=16,40,0,0.1515463129206813,1,0,0.151542240780883,-4.072139798305674e-06
18,Grid >=16,41,0,0.14308853073546626,1,0,0.14307337731965813,-1.5153415808127901e-05
20,Grid >=16,42,0,0.2715968339956687,0,0,0.27160040566768495,3.5716720162559668e-06
20,Grid >=16,43,0,0.19844239673503472,1,0,0.19844050631699878,-1.8904180359435863e-06
34,Grid >=16,44,0,0.24160623054894537,1,0,0.24134076541574262,-0.0002654651332027469
20,Grid >=16,45,0,0.38637931110917023,0,0,0.38655498558120616,0.0001756744720359249
24,Grid >=16,46,0,0.1270831618357624,0,0,0.12708316322622334,1.390460940831062e-09
31,Grid >=16,47,0,0.3089152867077039,1,0,0.3088088598564146,-0.00010642685128930962
30,Grid >=16,48,0,0.16197294962889228,1,0,0.16195163906881746,-2.1310560074816465e-05
24,Grid >=16,49,0,0.2744779592434985,0,0,0.2744779592589516,1.545308325745509e-11
23,Grid >=16,50,0,0.21766880465058888,1,0,0.21760862855983235,-6.0176090756536293e-05
44,Grid >=16,51,0,0.2986696347408984,0,0,0.2989539119313769,0.0002842771904784658
21,Grid >=16,52,0,5.511123300959382,0,0,5.894551906857976,0.38342860589859384
30,Grid >=16,53,0,0.25074578387746704,1,0,0.25074295399324525,-2.8298842217888698e-06
23,Grid >=16,54,0,0.19931161682110798,0,0,0.19938327043112486,7.16536100168752e-05
36,Grid >=16,55,0,0.15202526296474256,1,0,0.1519824792894576,-4.278367528495752e-05
35,Grid >=16,56,0,0.24693501250241087,1,0,0.2468371754013488,-9.783710106206489e-05
20,Grid >=16,57,0,1.003431215716624,0,0,3.92262844551154,2.919197229794916
27,Grid >=16,58,0,0.2348055836599588,1,0,0.2347825512812283,-2.303237873049757e-05
17,Grid >=16,59,0,2.217182865765165,0,1,6.394467782218377,4.177284916453212
28,Grid >=16,60,0,0.2528201460537319,0,0,0.25282554404090074,5.3979871688647485e-06
24,Grid >=16,61,0,0.21905257438851028,1,0,0.21904782243429965,-4.751954210624465e-06
30,Grid >=16,62,0,0.17895145432500445,1,0,0.17894970602053695,-1.748304467502626e-06
32,Grid >=16,63,0,0.20671639801064803,0,0,0.20671974747416783,3.3494635197917066e-06
40,Grid >=16,64,0,0.22650482390497867,1,0,0.22648486054364633,-1.9963361332336893e-05
21,Grid >=16,65,0,0.16051245842551673,0,0,0.16054293511763953,3.0476692122805016e-05
33,Grid >=16,66,0,0.2625353323249789,1,0,0.26248287907060946,-5.2453254369422275e-05
36,Grid >=16,67,0,0.2277850970153977,0,0,0.22778509705053088,3.513317414771677e-11
21,Grid >=16,68,0,9.065474777566104,0,0,11.568519346456112,2.503044568890008
21,Grid >=16,69,0,0.10898292020597998,1,0,0.10895334165443996,-2.957855154002431e-05
28,Grid >=16,70,0,0.21752998777736743,1,0,0.21749365549603683,-3.633228133059774e-05
21,Grid >=16,71,0,0.23708906092625062,1,0,0.23708728242375804,-1.778502492583156e-06
25,Grid >=16,72,0,2.0046865113205676,0,0,4.555553878244795,2.550867366924227
26,Grid >=16,73,0,0.26372819827535576,1,0,0.2636361767446629,-9.202153069287622e-05
30,Grid >=16,74,0,0.13640761428665188,1,0,0.13639982270799,-7.791578661875409e-06
16,Grid >=16,75,0,0.0947433699807901,0,0,0.09475608012897385,1.2710148183756043e-05
28,Grid >=16,76,0,0.2856913268955995,0,0,0.28571086884181174,1.9541946212231487e-05
24,Grid >=16,77,0,0.19966779221727893,0,0,0.19968125535027864,1.346313299971369e-05
40,Grid >=16,78,0,0.2825269201515472,1,0,0.28251562645709766,-1.1293694449521219e-05
25,Grid >=16,79,0,0.2547472262886844,0,0,0.2547486490380036,1.4227493191909524e-06
22,Office >=16,0,0,0.26921634158425545,0,0,0.26922288348712486,6.541902869416916e-06
16,Office >=16,1,0,0.279847421575462,1,0,0.2798191911422671,-2.8230433194886828e-05
20,Office >=16,2,0,0.5598143877955551,0,0,0.5843008421483592,0.024486454352804055
33,Office >=16,3,0,0.2545740029872612,0,0,0.25476792842083645,0.00019392543357527048
16,Office >=16,4,0,0.10785769012282749,1,0,0.10785155999592677,-6.130126900719124e-06
16,Office >=16,5,0,0.1521943926337972,1,0,0.15217834501771094,-1.60476160862566e-05
20,Office >=16,6,0,0.15685821319134416,1,0,0.15682714445948445,-3.106873185970693e-05
17,Office >=16,7,0,0.13784432572422753,1,0,0.13784091657587486,-3.4091483526732524e-06
16,Office >=16,8,0,0.09304218096110359,1,0,0.09302902236172055,-1.3158599383042424e-05
31,Office >=16,9,0,0.3010150408016833,1,0,0.22801857666397887,-0.07299646413770441
16,Office >=16,10,0,0.1069463788878374,1,0,0.10692961181158991,-1.6767076247481416e-05
16,Office >=16,11,0,0.37217419663174045,0,0,0.3721874148163494,1.321818460897628e-05
43,Office >=16,12,0,2.592777292503753,1,0,1.3827581306797272,-1.210019161824026
25,Office >=16,13,0,0.13347071056007204,0,0,0.13348123462136027,1.0524061288236242e-05
16,Office >=16,14,0,0.10370028381380915,1,0,0.10369118210964172,-9.101704167430169e-06
16,Office >=16,15,0,0.22568342019792711,1,0,0.2256621583002383,-2.126189768880682e-05
16,Office >=16,16,0,0.15287073179243144,0,0,0.152880733425375,1.000163294356815e-05
16,Office >=16,17,0,0.10269539643410591,1,0,0.10268637788384635,-9.018550259559666e-06
16,Office >=16,18,0,0.11876004016187194,1,0,0.11874672562079311,-1.3314541078834896e-05
24,Office >=16,19,0,0.4150990266948851,0,0,0.4151204342611493,2.1407566264231015e-05
24,Office >=16,20,0,0.29414206941011833,1,0,0.2941366130739496,-5.456336168718767e-06
16,Office >=16,21,0,0.3469185434032657,1,0,0.34691854325471005,-1.4855566776716955e-10
16,Office >=16,22,0,0.1389561205058186,1,0,0.1389482582177664,-7.86228805219058e-06
38,Office >=16,23,0,0.16456759109256863,1,0,0.1645585502491496,-9.040843419044764e-06
16,Office >=16,24,0,0.08567826925329484,1,0,0.08566728937435344,-1.0979878941400067e-05
18,Office >=16,25,0,0.13122034091362858,0,0,0.1312411644342765,2.0823520647916816e-05
30,Office >=16,26,0,0.3744966677475665,1,0,0.37447389713231305,-2.2770615253464577e-05
18,Office >=16,27,0,0.17946300542601581,1,0,0.17945896406537415,-4.041360641665603e-06
24,Office >=16,28,0,0.22409664812281152,0,0,0.22441955432805727,0.00032290620524574876
16,Office >=16,29,0,0.16303319476009645,0,0,0.16306498474312833,3.178998303188241e-05
26,Office >=16,30,0,0.1663179240611017,0,0,0.16735488208768054,0.001036958026578827
22,Office >=16,31,0,0.30245177138477863,1,0,0.29987318532689516,-0.0025785860578834696
25,Office >=16,32,0,0.30228651786172045,1,0,0.3022637572079323,-2.276065378814529e-05
16,Office >=16,33,0,0.08880272697779193,0,0,0.08880788214141615,5.155163624218084e-06
42,Office >=16,34,0,1.1039559479689274,1,0,0.6641989997681041,-0.43975694820082323
16,Office >=16,35,0,0.09581193769347295,1,0,0.09579112056112551,-2.081713234743099e-05
24,Office >=16,36,0,0.19293205712994613,0,0,0.19293940375317015,7.346623224019355e-06
23,Office >=16,37,0,0.18653166344685393,1,0,0.1865074975061156,-2.4165940738340996e-05
22,Office >=16,38,0,0.2794459785223214,1,0,0.2790511829181662,-0.0003947956041551737
16,Office >=16,39,0,1.3496750865490323,0,0,3.7173517644430225,2.36767667789399
16,Office >=16,40,0,0.08058648919773985,1,0,0.080580530965808,-5.958231931849078e-06
16,Office >=16,41,0,0.07985362133353281,1,0,0.07985265957278913,-9.61760743684037e-07
16,Office >=16,42,0,0.10452045413497223,1,0,0.10451003307535321,-1.0421059619014628e-05
16,Office >=16,43,0,0.14177647100565266,1,0,0.14176982491337342,-6.646092279238847e-06
18,Office >=16,44,0,0.1054849491330188,1,0,0.10547860579003646,-6.343342982342848e-06
48,Office >=16,45,0,0.6777564700649188,1,0,0.6718726495104905,-0.005883820554428265
16,Office >=16,46,0,0.8814045395229706,0,0,1.4414637382313498,0.5600591987083792
17,Office >=16,47,0,0.16255576465632254,0,0,0.16256549933244704,9.734676124500963e-06
17,Office >=16,48,0,0.07164655297172834,1,0,0.07164622519,-3.27781728343135e-07
16,Office >=16,49,0,0.12172457171441219,1,0,0.12171980452687262,-4.76718753956995e-06
16,Office >=16,50,0,0.05944811718218762,1,0,0.059446453491290026,-1.6636908975950493e-06
49,Office >=16,51,0,0.2181693662555445,1,0,0.21815376064272754,-1.5605612816965708e-05
30,Office >=16,52,0,0.39878003996262895,0,0,0.3991060233375553,0.0003259833749263419
18,Office >=16,53,0,0.15367499606421564,0,0,0.15367678851323013,1.792449014492714e-06
17,Office >=16,54,0,0.17443530731505907,1,0,0.17440819059355103,-2.7116721508041453e-05
19,Office >=16,55,0,0.19911145831266264,0,0,0.19912392892670885,1.2470614046217188e-05
50,Office >=16,56,0,0.3054250546879452,1,0,0.30450505397774325,-0.0009200007102019292
16,Office >=16,57,0,0.1819427436621696,1,0,0.18194153788215583,-1.2057800137521557e-06
18,Office >=16,58,0,0.16687226526958102,1,0,0.16685656183519543,-1.5703434385588855e-05
21,Office >=16,59,0,0.1323335097629553,1,0,0.1323283660711555,-5.143691799797123e-06
27,Office >=16,60,0,0.33968209674386585,0,0,0.33981242050726845,0.00013032376340260665
34,Office >=16,61,0,0.1825475348737052,0,0,0.1825502538597198,2.7189860145881983e-06
47,Office >=16,62,0,0.21643330616502915,1,0,0.21632700169004318,-0.00010630447498596873
34,Office >=16,63,0,0.22583409090926804,1,0,0.22578636177060732,-4.772913866071815e-05
16,Office >=16,64,0,0.10462601356810039,1,0,0.10461417178803237,-1.1841780068022612e-05
23,Office >=16,65,0,0.15453709990633402,0,0,0.15457384596497503,3.674605864101288e-05
17,Office >=16,66,0,0.1555275034901906,1,0,0.15551841019138452,-9.093298806078787e-06
16,Office >=16,67,0,0.11727386516815827,1,0,0.11726962870056784,-4.236467590429394e-06
42,Office >=16,68,0,1.803717211236061,1,0,1.8017665645460827,-0.0019506466899783526
16,Office >=16,69,0,0.13752647325491996,0,0,0.13754719890247372,2.072564755375983e-05
16,Office >=16,70,0,0.11314512215833464,1,0,0.11312842655680969,-1.6695601524951975e-05
21,Office >=16,71,0,0.09934669809638731,1,0,0.09934364931313781,-3.0487832494985323e-06
16,Office >=16,72,0,0.08584673893999556,1,0,0.08583786954798049,-8.869392015067867e-06
16,Office >=16,73,0,0.061632645409240114,1,0,0.06163131470150173,-1.3307077383825638e-06
32,Office >=16,74,0,0.1629708332598523,1,0,0.16287759680504474,-9.323645480754927e-05
17,Office >=16,75,0,0.10103377496137468,1,0,0.10101392075989654,-1.9854201478139433e-05
16,Office >=16,76,0,0.14863593938812195,1,0,0.14857329979696612,-6.263959115582196e-05
16,Office >=16,77,0,0.24222349640824153,1,0,0.242192362587535,-3.113382070654702e-05
16,Office >=16,78,0,0.11098385306501934,1,0,0.11098098025608671,-2.8728089326301998e-06
22,Office >=16,79,0,0.18428281805627056,0,0,0.18428518196450613,2.363908235575307e-06
