bucket,cases,error_cases,max_offset_m,median_known_rmse_m,median_max_offset_m,median_runtime_s,method,ok_cases,p90_max_offset_m,p95_known_rmse_m,p95_max_offset_m,solver,under_10cm,under_1m,under_20cm,under_2m,under_50cm,under_5cm
grid_16_24,15,0,0.5422390732015735,0.03591208337655923,0.1626307875355763,4.107262500001525,branching_000,15,0.38383404904411605,0.050161048704526694,0.4930242982358676,visibility_branching,0.06666666666666667,1.0,0.6666666666666666,1.0,0.9333333333333333,0.0
grid_16_24,15,0,0.6557064898846374,0.035912083367849096,0.1626307875355763,4.316347100000712,branching_001,15,0.3838345166046211,0.050161048704526694,0.5270650687280425,visibility_branching,0.06666666666666667,1.0,0.6666666666666666,1.0,0.9333333333333333,0.0
grid_16_24,15,0,0.4719745623107059,0.035912083348384395,0.1626307875355763,4.1448891,branching_002,15,0.3666246988556907,0.050161048704526694,0.4518673697487778,visibility_branching,0.06666666666666667,1.0,0.6666666666666666,1.0,1.0,0.0
grid_16_24,15,0,0.6578170151079082,0.03591208336585365,0.1626307875355763,4.19171809999898,branching_003,15,0.38386046882668196,0.050161048704526694,0.5277285038874281,visibility_branching,0.06666666666666667,1.0,0.6666666666666666,1.0,0.9333333333333333,0.0
grid_16_24,15,0,0.4719650356489062,0.0359120832772714,0.1626307875355763,4.27862770000138,branching_004,15,0.3581049853749672,0.050161048704526694,0.4419248460227271,visibility_branching,0.06666666666666667,1.0,0.6666666666666666,1.0,1.0,0.0
grid_16_24,15,0,0.6366790021795217,0.03591208337633271,0.1626307875355763,3.5776834999996936,branching_005,15,0.3838340707713206,0.050161048704526694,0.5213563022776573,visibility_branching,0.06666666666666667,1.0,0.6666666666666666,1.0,0.9333333333333333,0.0
grid_16_24,15,0,0.616582054851972,0.035912083348825126,0.1626307875355763,3.7357401000008394,branching_006,15,0.38385947173854784,0.050161048704526694,0.5153568525411575,visibility_branching,0.06666666666666667,1.0,0.6666666666666666,1.0,0.9333333333333333,0.0
grid_16_24,15,0,0.47242637522393455,0.035912083350441895,0.1626307875355763,4.317913800001406,branching_007,15,0.3838595694132228,0.050161048704526694,0.4721102626065338,visibility_branching,0.06666666666666667,1.0,0.6666666666666666,1.0,1.0,0.0
grid_16_24,15,0,0.4883250196739376,0.035912083359357874,0.1626307875355763,4.200584900001559,branching_008,15,0.38383501672817905,0.050161048704526694,0.476851211142317,visibility_branching,0.06666666666666667,1.0,0.6666666666666666,1.0,1.0,0.0
grid_16_24,15,0,0.5803516931098931,0.03591208335541208,0.1626307875355763,4.3116423999999824,branching_009,15,0.3838352423367484,0.050161048704526694,0.5044594763831012,visibility_branching,0.06666666666666667,1.0,0.6666666666666666,1.0,0.9333333333333333,0.0
grid_16_24,15,0,0.5422390732015735,0.03591208336236036,0.1626307875355763,4.172946000002412,branching_010,15,0.3838348478197061,0.050161048704526694,0.49302523014072264,visibility_branching,0.06666666666666667,1.0,0.6666666666666666,1.0,0.9333333333333333,0.0
grid_16_24,15,0,0.5422390732015735,0.035912083390044564,0.1626307875355763,4.1090017999995325,branching_011,15,0.3838333334379064,0.050161048704526694,0.4930234633619563,visibility_branching,0.06666666666666667,1.0,0.6666666666666666,1.0,0.9333333333333333,0.0
grid_16_24,15,0,0.5422390732015735,0.03591208338707931,0.1626307875355763,4.049826200000098,branching_012,15,0.3838334786313773,0.050161048704526694,0.493023632754339,visibility_branching,0.06666666666666667,1.0,0.6666666666666666,1.0,0.9333333333333333,0.0
grid_16_24,15,0,0.5422390732015735,0.035912083347400904,0.1626307875355763,4.1321428999981435,branching_013,15,0.3838593848973082,0.050161048704526694,0.4930538567312584,visibility_branching,0.06666666666666667,1.0,0.6666666666666666,1.0,0.9333333333333333,0.0
grid_16_24,15,0,0.5422390732015735,0.035912083347400904,0.1626307875355763,4.120313200000965,branching_014,15,0.3838593848973082,0.050161048704526694,0.4930538567312584,visibility_branching,0.06666666666666667,1.0,0.6666666666666666,1.0,0.9333333333333333,0.0
grid_16_24,15,0,0.5422390732015735,0.0359120833857757,0.1626307875355763,4.127422200002911,branching_015,15,0.3838335585151545,0.050161048704526694,0.4930237259520791,visibility_branching,0.06666666666666667,1.0,0.6666666666666666,1.0,0.9333333333333333,0.0
grid_16_24,15,0,0.5422390732015735,0.035912083390044564,0.1626307875355763,4.084779499997239,branching_016,15,0.3838333334379064,0.050161048704526694,0.4930234633619563,visibility_branching,0.06666666666666667,1.0,0.6666666666666666,1.0,0.9333333333333333,0.0
grid_16_24,15,0,0.5422390732015735,0.035912083347400904,0.1626307875355763,4.110102700000425,branching_017,15,0.3838593848973082,0.050161048704526694,0.4930538567312584,visibility_branching,0.06666666666666667,1.0,0.6666666666666666,1.0,0.9333333333333333,0.0
grid_16_24,15,0,0.5422390732015735,0.035912083390044564,0.1626307875355763,4.012415500001225,branching_018,15,0.3838333334379064,0.050161048704526694,0.4930234633619563,visibility_branching,0.06666666666666667,1.0,0.6666666666666666,1.0,0.9333333333333333,0.0
grid_16_24,15,0,0.5422390732015735,0.03591208334784024,0.1626307875355763,4.097008100001403,branching_019,15,0.38385939209271913,0.050161048704526694,0.4930538651259045,visibility_branching,0.06666666666666667,1.0,0.6666666666666666,1.0,0.9333333333333333,0.0
grid_16_24,15,0,0.5422390732015735,0.03591208337655923,0.1626307875355763,4.017089799999667,branching_020,15,0.38383404904411605,0.050161048704526694,0.4930242982358676,visibility_branching,0.06666666666666667,1.0,0.6666666666666666,1.0,0.9333333333333333,0.0
grid_16_24,15,0,0.5422390732015735,0.03591208337655923,0.1626307875355763,4.120764799998142,branching_021,15,0.38383404904411605,0.050161048704526694,0.4930242982358676,visibility_branching,0.06666666666666667,1.0,0.6666666666666666,1.0,0.9333333333333333,0.0
grid_16_24,15,0,0.5286532213373074,0.035912083252001716,0.16263078392282557,1.42117750000034,branching_022,15,0.3838475320707698,0.05016104870452614,0.4889642721543994,visibility_branching,0.06666666666666667,1.0,0.6666666666666666,1.0,0.9333333333333333,0.0
grid_16_24,15,0,0.4955022551287457,0.035912083390078814,0.1626307872815782,4.357582500000717,branching_023,15,0.3838333283844979,0.05016104870452669,0.4790024121948033,visibility_branching,0.06666666666666667,1.0,0.6666666666666666,1.0,1.0,0.0
grid_16_24,15,0,0.5874892056869332,0.03591208335135339,0.1626307872815782,3.965443299999606,branching_024,15,0.38383547263877854,0.05016104870452669,0.5066009989922535,visibility_branching,0.06666666666666667,1.0,0.6666666666666666,1.0,0.9333333333333333,0.0
grid_16_24,15,0,0.5280669816542473,0.035912083356183414,0.1626307875355763,4.4368845999997575,branching_025,15,0.38383520596668796,0.050161048704526694,0.4887740205146702,visibility_branching,0.06666666666666667,1.0,0.6666666666666666,1.0,0.9333333333333333,0.0
grid_16_24,15,0,0.5308719904295538,0.03591502600173005,0.1626307875355763,3.8944584999990184,branching_026,15,0.3749015347577452,0.05016106738997125,0.47919290673682896,visibility_branching,0.06666666666666667,1.0,0.6666666666666666,1.0,0.9333333333333333,0.0
grid_16_24,15,0,0.6701465023401552,0.035912083390078814,0.1626307872815782,3.403295000000071,branching_027,15,0.3838333283844979,0.05016104870452669,0.5313956863582259,visibility_branching,0.06666666666666667,1.0,0.6666666666666666,1.0,0.9333333333333333,0.0
grid_16_24,15,0,0.4719750966449552,0.0359120833535681,0.1626307872815782,4.363438099997438,branching_028,15,0.3835164054628205,0.05016104870452638,0.47157452124104254,visibility_branching,0.06666666666666667,1.0,0.6666666666666666,1.0,1.0,0.0
grid_16_24,15,0,0.5286532213373074,0.035912083252001716,0.16263078392282557,1.4010769000014989,branching_029,15,0.3838475320707698,0.05016104870452614,0.4889642721543994,visibility_branching,0.06666666666666667,1.0,0.6666666666666666,1.0,0.9333333333333333,0.0
grid_16_24,15,0,0.5286532213373074,0.035912083252001716,0.16263078392282557,1.392819499997131,branching_030,15,0.3838475320707698,0.05016104870452614,0.4889642721543994,visibility_branching,0.06666666666666667,1.0,0.6666666666666666,1.0,0.9333333333333333,0.0
grid_16_24,15,0,0.5286532213373074,0.035912083252001716,0.16263078392282557,1.3891957000014372,branching_031,15,0.3838475320707698,0.05016104870452614,0.4889642721543994,visibility_branching,0.06666666666666667,1.0,0.6666666666666666,1.0,0.9333333333333333,0.0
grid_16_24,15,0,1.033589752865103,0.03597703547271917,0.16263626342625892,0.474918500000058,graph_scaffold_base,15,0.5437374091212317,0.05016104933939225,0.8269801903840046,graph_shortest,0.06666666666666667,0.9333333333333333,0.6666666666666666,1.0,0.8666666666666667,0.0
grid_16_24,15,0,0.7388033154045678,0.03597703103357648,0.16263078848973134,1.4457551000014064,sdp_000,15,0.4888736246046935,0.05016104870457802,0.6745397448799269,visibility_sdp,0.06666666666666667,1.0,0.6666666666666666,1.0,0.8666666666666667,0.0
grid_16_24,15,0,0.7388050978399792,0.0359770310335765,0.1626307871178466,1.5293763000008767,sdp_001,15,0.5210895380465606,0.05016104870455142,0.7121255122523201,visibility_sdp,0.06666666666666667,1.0,0.6666666666666666,1.0,0.8666666666666667,0.0
grid_16_24,15,0,0.7374947817699962,0.03597703103357662,0.16263078628306313,1.512697300000582,sdp_002,15,0.46021032336900014,0.05016104870452626,0.6407066639972995,visibility_sdp,0.06666666666666667,1.0,0.6666666666666666,1.0,0.8666666666666667,0.0
grid_16_24,15,0,0.7388034231861001,0.03597703103357651,0.162630782400294,1.5204940000003262,sdp_003,15,0.5281766474810417,0.05016104870454805,0.7203933041146682,visibility_sdp,0.06666666666666667,1.0,0.6666666666666666,1.0,0.8666666666666667,0.0
grid_16_24,15,0,0.7353067059796946,0.03597703103357651,0.162630783831412,1.5355867999969632,sdp_004,15,0.45730380600429743,0.05016104870452633,0.6366593069551664,visibility_sdp,0.06666666666666667,1.0,0.6666666666666666,1.0,0.8666666666666667,0.0
grid_16_24,15,0,0.7388038914599667,0.03597703103357647,0.1626307886330084,1.4824087000015425,sdp_005,15,0.4769881200171446,0.05016104870452635,0.6606734965309512,visibility_sdp,0.06666666666666667,1.0,0.6666666666666666,1.0,0.8666666666666667,0.0
grid_16_24,15,0,0.7387822348688323,0.0359770310335766,0.1626307829424824,1.506301599998551,sdp_006,15,0.5042409839074011,0.05016104870455398,0.6924620066285851,visibility_sdp,0.06666666666666667,1.0,0.6666666666666666,1.0,0.8666666666666667,0.0
grid_16_24,15,0,0.8260800641710854,0.03597703103357654,0.1626307807255103,1.5219918000002508,sdp_007,15,0.5439568087602649,0.050161048704543174,0.7649864869646208,visibility_sdp,0.06666666666666667,1.0,0.6666666666666666,1.0,0.8666666666666667,0.0
grid_16_24,15,0,0.7387817167286825,0.03597703103357655,0.1626307845393839,1.5048361999979534,sdp_008,15,0.5232302116994395,0.05016104870454953,0.7146159513701826,visibility_sdp,0.06666666666666667,1.0,0.6666666666666666,1.0,0.8666666666666667,0.0
grid_16_24,15,0,0.7388061337501525,0.03597703103357652,0.16263079071831152,1.4698114000020723,sdp_009,15,0.47061019048012165,0.05016104870452626,0.6532332513021621,visibility_sdp,0.06666666666666667,1.0,0.6666666666666666,1.0,0.8666666666666667,0.0
grid_16_24,15,0,0.7387785365830334,0.035977031033576565,0.16263078237770295,1.5902640000022075,sdp_010,15,0.4749871569293531,0.05016104870458442,0.6583314329255444,visibility_sdp,0.06666666666666667,1.0,0.6666666666666666,1.0,0.8666666666666667,0.0
grid_16_24,15,0,0.7387828862185816,0.03597703103357654,0.16263078592452626,1.4886535000005097,sdp_011,15,0.5012251077391412,0.05016104870457574,0.6889436805502814,visibility_sdp,0.06666666666666667,1.0,0.6666666666666666,1.0,0.8666666666666667,0.0
grid_16_24,15,0,0.738806334595682,0.03597703103357653,0.16263078378761747,1.578400700000202,sdp_012,15,0.4888659963618375,0.050161048704576175,0.6745317492669785,visibility_sdp,0.06666666666666667,1.0,0.6666666666666666,1.0,0.8666666666666667,0.0
grid_16_24,15,0,0.7387809896391073,0.03597703103357651,0.1626307873589142,1.5358528999968257,sdp_013,15,0.48886728982817484,0.05016104870452656,0.6745256593598014,visibility_sdp,0.06666666666666667,1.0,0.6666666666666666,1.0,0.8666666666666667,0.0
grid_16_24,15,0,0.7388060372766105,0.035977031033576565,0.16263078079488327,1.463121199998568,sdp_014,15,0.48886576216672406,0.05016104870452644,0.6745313949890932,visibility_sdp,0.06666666666666667,1.0,0.6666666666666666,1.0,0.8666666666666667,0.0
grid_16_24,15,0,0.998434479458768,0.03597703103357659,0.16263078350773816,1.5230563000004622,sdp_015,15,0.5439449657328329,0.050161048704549856,0.8166789876439421,visibility_sdp,0.06666666666666667,1.0,0.6666666666666666,1.0,0.8666666666666667,0.0
grid_16_24,15,0,0.9984061353724678,0.03597703103357654,0.16263078100722192,1.5308501999970758,sdp_016,15,0.543957611234494,0.050161048704537546,0.8166852392982616,visibility_sdp,0.06666666666666667,1.0,0.6666666666666666,1.0,0.8666666666666667,0.0
grid_16_24,15,0,0.7387828463765519,0.03597703103357655,0.1626307831960852,1.5458825999994588,sdp_017,15,0.48886641681914755,0.05016104870458586,0.6745252002046065,visibility_sdp,0.06666666666666667,1.0,0.6666666666666666,1.0,0.8666666666666667,0.0
grid_16_24,15,0,0.7388054617601589,0.03597703103357653,0.16263078795856678,1.5380960000002233,sdp_018,15,0.4888547119881754,0.050161048704564115,0.6745183208990296,visibility_sdp,0.06666666666666667,1.0,0.6666666666666666,1.0,0.8666666666666667,0.0
grid_16_24,15,0,0.9984022395584257,0.035977031033576544,0.16263078135465728,1.5160202000006393,sdp_019,15,0.5439585878885751,0.050161048704552874,0.816685208143263,visibility_sdp,0.06666666666666667,1.0,0.6666666666666666,1.0,0.8666666666666667,0.0
grid_16_24,15,0,0.7388032324475833,0.03597703103357657,0.16263078848973134,1.5200027999999293,sdp_020,15,0.4888736245914762,0.05016104870457811,0.6745397199928315,visibility_sdp,0.06666666666666667,1.0,0.6666666666666666,1.0,0.8666666666666667,0.0
grid_16_24,15,0,0.738803376447679,0.035977031033576544,0.16263078848973134,1.576538299999811,sdp_021,15,0.4888736241604451,0.050161048704578,0.6745397631928602,visibility_sdp,0.06666666666666667,1.0,0.6666666666666666,1.0,0.8666666666666667,0.0
grid_16_24,15,0,0.7387933893715959,0.03597703103357635,0.1626307839261521,1.403954599998542,sdp_022,15,0.5276299059535979,0.05016104870452609,0.7197524254297336,visibility_sdp,0.06666666666666667,1.0,0.6666666666666666,1.0,0.8666666666666667,0.0
grid_16_24,15,0,0.8004332664775498,0.0359770310335763,0.1626307839261475,1.4745681999993394,sdp_023,15,0.5439507318863613,0.05016104870452604,0.7572853521546824,visibility_sdp,0.06666666666666667,1.0,0.6666666666666666,1.0,0.8666666666666667,0.0
grid_16_24,15,0,1.449413877231967,0.03597703103357633,0.16263078392668076,1.4281798000010895,sdp_024,15,0.5439507385844237,0.05016104870452613,0.9519795431887024,visibility_sdp,0.06666666666666667,0.9333333333333333,0.6666666666666666,1.0,0.8666666666666667,0.0
grid_16_24,15,0,0.856781570609966,0.03597703103357637,0.1626307839264238,1.4676135000008799,sdp_025,15,0.5439507325437256,0.05016104870452606,0.7741898441544538,visibility_sdp,0.06666666666666667,1.0,0.6666666666666666,1.0,0.8666666666666667,0.0
grid_16_24,15,0,0.4470625548774796,0.035920133796968984,0.16263078361803573,1.5281446000008145,sdp_026,15,0.2533407621801322,0.05016112231337623,0.31222917463194705,visibility_sdp,0.06666666666666667,1.0,0.6666666666666666,1.0,1.0,0.0
grid_16_24,15,0,1.592611254288325,0.03597703103357636,0.16263078413377768,1.471671699997387,sdp_027,15,0.5439507331835737,0.05016104870452606,0.9949387500046085,visibility_sdp,0.06666666666666667,0.9333333333333333,0.6666666666666666,1.0,0.8666666666666667,0.0
grid_16_24,15,0,0.7387933903877494,0.035977031033576364,0.16263078391804253,1.453599899999972,sdp_028,15,0.47864016696629486,0.0501610487045261,0.6625977302484091,visibility_sdp,0.06666666666666667,1.0,0.6666666666666666,1.0,0.8666666666666667,0.0
grid_16_24,15,0,0.7387933998098902,0.03597703103357631,0.16263078390482386,1.3741298999993887,sdp_029,15,0.5006234484149409,0.05016104870452605,0.6882448947648401,visibility_sdp,0.06666666666666667,1.0,0.6666666666666666,1.0,0.8666666666666667,0.0
grid_16_24,15,0,0.8043989911136104,0.035977031033576384,0.16263078392740357,1.3958778999985952,sdp_030,15,0.5439507324702066,0.05016104870452603,0.7584750702199917,visibility_sdp,0.06666666666666667,1.0,0.6666666666666666,1.0,0.8666666666666667,0.0
grid_16_24,15,0,0.7388034523277293,0.03597703103357654,0.16263078577355483,1.5808047000027727,sdp_031,15,0.399570508100746,0.050161048704531384,0.5703528144149074,visibility_sdp,0.06666666666666667,1.0,0.6666666666666666,1.0,0.9333333333333333,0.0
office_16_24,15,0,0.7318198268770597,0.03419386857409832,0.1618182787277577,4.306095899999491,branching_000,15,0.42943179612837507,0.052035717384672844,0.565469113056438,visibility_branching,0.13333333333333333,1.0,0.6666666666666666,1.0,0.9333333333333333,0.0
office_16_24,15,0,0.8328196914767642,0.033573842388101086,0.161818278579046,4.342099299999973,branching_001,15,0.5743971487025968,0.05203571738467284,0.6700166211284971,visibility_branching,0.13333333333333333,1.0,0.6666666666666666,1.0,0.8,0.0
office_16_24,15,0,0.4837624555060484,0.0351459828248765,0.161818277912864,4.400251600000047,branching_002,15,0.3884896085341781,0.0520357173846731,0.4551883640806441,visibility_branching,0.13333333333333333,1.0,0.6666666666666666,1.0,1.0,0.0
office_16_24,15,0,0.8604513171197575,0.033573842388101086,0.1618182777894443,4.288369600002625,branching_003,15,0.5933129891066119,0.05203571738467285,0.6934140629771023,visibility_branching,0.13333333333333333,1.0,0.6666666666666666,1.0,0.8,0.0
office_16_24,15,0,0.4746412015282878,0.03539895200061918,0.1618182781929826,4.265719299997727,branching_004,15,0.37418450985452906,0.052035735452998846,0.43825605547409985,visibility_branching,0.13333333333333333,1.0,0.6666666666666666,1.0,1.0,0.0
office_16_24,15,0,0.989969896142025,0.033573842388101086,0.1618182780662729,3.755188499999349,branching_005,15,0.858697579887786,0.0520357173846729,0.967595232768561,visibility_branching,0.13333333333333333,1.0,0.6666666666666666,1.0,0.8,0.0
office_16_24,15,0,0.8655908256974032,0.033573842388101086,0.1618182784770856,3.74194659999921,branching_006,15,0.7774880631453636,0.05203571738467287,0.852338057514129,visibility_branching,0.13333333333333333,1.0,0.6666666666666666,1.0,0.8,0.0
office_16_24,15,0,0.5105969720108579,0.03476262733975591,0.16181827841271418,4.2916670000013255,branching_007,15,0.4028315695033029,0.05203571738467283,0.47773238446439387,visibility_branching,0.13333333333333333,1.0,0.6666666666666666,1.0,0.9333333333333333,0.0
office_16_24,15,0,0.493281793628701,0.034747080916634976,0.16181828001785561,4.377140099997632,branching_008,15,0.40860805054295124,0.05203571738467283,0.4792775529259186,visibility_branching,0.13333333333333333,1.0,0.6666666666666666,1.0,1.0,0.0
office_16_24,15,0,0.7372051366575315,0.03359299854259512,0.16181827748431532,4.052006599999004,branching_009,15,0.4467654041348798,0.05203571738467285,0.5695449927893377,visibility_branching,0.13333333333333333,1.0,0.6666666666666666,1.0,0.9333333333333333,0.0
office_16_24,15,0,0.7318198268770597,0.03419386857409832,0.1618182787277577,4.436986299999262,branching_010,15,0.42943179612837507,0.052035717384672844,0.565469113056438,visibility_branching,0.13333333333333333,1.0,0.6666666666666666,1.0,0.9333333333333333,0.0
office_16_24,15,0,0.7318198268770597,0.03419386857409832,0.1618182787277577,4.472683899999538,branching_011,15,0.42943179612837507,0.052035717384672844,0.565469113056438,visibility_branching,0.13333333333333333,1.0,0.6666666666666666,1.0,0.9333333333333333,0.0
office_16_24,15,0,0.7318198268770597,0.03419386857409832,0.1618182787277577,4.354495499999757,branching_012,15,0.42943179612837507,0.052035717384672844,0.565469113056438,visibility_branching,0.13333333333333333,1.0,0.6666666666666666,1.0,0.9333333333333333,0.0
office_16_24,15,0,0.7318198268770597,0.03419386857409832,0.1618182787277577,4.385352699999203,branching_013,15,0.42943179612837507,0.052035717384672844,0.565469113056438,visibility_branching,0.13333333333333333,1.0,0.6666666666666666,1.0,0.9333333333333333,0.0
office_16_24,15,0,0.7318198268770597,0.03419386857409832,0.1618182787277577,4.301448400001391,branching_014,15,0.42943179612837507,0.052035717384672844,0.565469113056438,visibility_branching,0.13333333333333333,1.0,0.6666666666666666,1.0,0.9333333333333333,0.0
office_16_24,15,0,0.7318198268770597,0.03419386857409832,0.1618182787277577,4.344232600000396,branching_015,15,0.42943179612837507,0.052035717384672844,0.565469113056438,visibility_branching,0.13333333333333333,1.0,0.6666666666666666,1.0,0.9333333333333333,0.0
office_16_24,15,0,0.7318198268770597,0.03419386857409832,0.1618182787277577,4.316964499997994,branching_016,15,0.42943179612837507,0.052035717384672844,0.565469113056438,visibility_branching,0.13333333333333333,1.0,0.6666666666666666,1.0,0.9333333333333333,0.0
office_16_24,15,0,0.7318198268770597,0.03419386857409832,0.1618182787277577,4.334441999999399,branching_017,15,0.42943179612837507,0.052035717384672844,0.565469113056438,visibility_branching,0.13333333333333333,1.0,0.6666666666666666,1.0,0.9333333333333333,0.0
office_16_24,15,0,0.7318198268770597,0.03419386857409832,0.1618182787277577,4.354241000000911,branching_018,15,0.42943179612837507,0.052035717384672844,0.565469113056438,visibility_branching,0.13333333333333333,1.0,0.6666666666666666,1.0,0.9333333333333333,0.0
office_16_24,15,0,0.7318198268770597,0.03419386857409832,0.1618182787277577,4.36204379999981,branching_019,15,0.42943179612837507,0.052035717384672844,0.565469113056438,visibility_branching,0.13333333333333333,1.0,0.6666666666666666,1.0,0.9333333333333333,0.0
office_16_24,15,0,0.7318198268770597,0.03419386857409832,0.1618182787277577,4.358332700001483,branching_020,15,0.42943292386444115,0.052035717384672844,0.565469113056438,visibility_branching,0.13333333333333333,1.0,0.6666666666666666,1.0,0.9333333333333333,0.0
office_16_24,15,0,0.7318198268770597,0.03419386857409832,0.1618182787277577,4.3925968000003195,branching_021,15,0.42943179612837507,0.052035717384672844,0.565469113056438,visibility_branching,0.13333333333333333,1.0,0.6666666666666666,1.0,0.9333333333333333,0.0
office_16_24,15,0,1.1473402588811317,0.03749719248577209,0.16181828066782258,2.0598981000002823,branching_022,15,0.693902600833463,0.05203571738467096,0.9274369456244677,visibility_branching,0.13333333333333333,0.9333333333333333,0.6666666666666666,1.0,0.8666666666666667,0.0
office_16_24,15,0,0.5004454905592629,0.034729544185772385,0.1618182784769057,4.533054399998946,branching_023,15,0.4108581052587803,0.05203571738467279,0.4840518652301536,visibility_branching,0.13333333333333333,1.0,0.6666666666666666,1.0,0.9333333333333333,0.0
office_16_24,15,0,0.534494245870076,0.03466695819709185,0.16181827776522575,4.111759499999607,branching_024,15,0.44964399655924475,0.052035717384672844,0.508327641840638,visibility_branching,0.13333333333333333,1.0,0.6666666666666666,1.0,0.9333333333333333,0.0
office_16_24,15,0,0.5218957017050588,0.034674511705818846,0.161818277519776,4.248414399997273,branching_025,15,0.42895040266401724,0.05203571738467283,0.5115941527538213,visibility_branching,0.13333333333333333,1.0,0.6666666666666666,1.0,0.8666666666666667,0.0
office_16_24,15,0,0.5012215303853429,0.03519961190864477,0.1618182796170046,3.8246461000017007,branching_026,15,0.35029549512294805,0.05203602469413568,0.4172343101406731,visibility_branching,0.13333333333333333,1.0,0.6666666666666666,1.0,0.9333333333333333,0.0
office_16_24,15,0,1.2533174975468246,0.033573842388101044,0.1618182782819839,3.8105246999984956,branching_027,15,0.9515264730482362,0.05203571738467285,1.1390140487020468,visibility_branching,0.13333333333333333,0.8666666666666667,0.6666666666666666,1.0,0.8,0.0
office_16_24,15,0,0.48583035436769834,0.034925291868872846,0.16181827831119547,4.526994500000001,branching_028,15,0.39309916647806487,0.05203571738467276,0.4589485814781474,visibility_branching,0.13333333333333333,1.0,0.6666666666666666,1.0,1.0,0.0
office_16_24,15,0,1.1473402588811317,0.03749719248577209,0.16181828066782258,2.117251399999077,branching_029,15,0.693902600833463,0.05203571738467096,0.9274369456244677,visibility_branching,0.13333333333333333,0.9333333333333333,0.6666666666666666,1.0,0.8666666666666667,0.0
office_16_24,15,0,1.1473402588811317,0.03749719248577209,0.16181828066782258,2.1239835000014864,branching_030,15,0.693902600833463,0.05203571738467096,0.9274369456244677,visibility_branching,0.13333333333333333,0.9333333333333333,0.6666666666666666,1.0,0.8666666666666667,0.0
office_16_24,15,0,1.1473402588811317,0.03749719248577209,0.16181828052344566,2.134447899999941,branching_031,15,0.693902600833463,0.05203571738467098,0.9274369456244677,visibility_branching,0.13333333333333333,0.9333333333333333,0.6666666666666666,1.0,0.8666666666666667,0.0
office_16_24,15,0,0.9251067973578901,0.034595605024913115,0.16183997208880282,0.4780060999983107,graph_scaffold_base,15,0.7055849971841301,0.05203571920921228,0.8744777007361537,graph_shortest,0.13333333333333333,1.0,0.6666666666666666,1.0,0.8666666666666667,0.0
office_16_24,15,0,0.8253573852851714,0.0369071348858571,0.16181826754628922,1.2681440000014845,sdp_000,15,0.660132355843246,0.05203571738467391,0.7524138514297671,visibility_sdp,0.13333333333333333,1.0,0.6666666666666666,1.0,0.8,0.0
office_16_24,15,0,0.8985041859875772,0.03663404188094294,0.1618182642604396,1.2954919000003429,sdp_001,15,0.6801616007504937,0.05203571738467479,0.7828008930671175,visibility_sdp,0.13333333333333333,1.0,0.6666666666666666,1.0,0.8,0.0
office_16_24,15,0,0.793424991265466,0.03718047134530318,0.1618182687020113,1.3409730999992462,sdp_002,15,0.6245567023462036,0.052035717384733095,0.7310388564534049,visibility_sdp,0.13333333333333333,1.0,0.6666666666666666,1.0,0.8,0.0
office_16_24,15,0,0.8362340957479841,0.0367478552117348,0.16181826474272168,1.3530697999995027,sdp_003,15,0.6986977616816327,0.052035717384674884,0.7654480922300727,visibility_sdp,0.13333333333333333,1.0,0.6666666666666666,1.0,0.8,0.0
office_16_24,15,0,0.7869276283280119,0.037130433541695596,0.16181826823548506,1.2419177000010677,sdp_004,15,0.6267539121900924,0.05203571752823946,0.725552503391264,visibility_sdp,0.13333333333333333,1.0,0.6666666666666666,1.0,0.8,0.0
office_16_24,15,0,0.7980204575824982,0.037119969860790455,0.1618182692268499,1.3113821999977517,sdp_005,15,0.6332318074551915,0.052035717384674066,0.7258650702886329,visibility_sdp,0.13333333333333333,1.0,0.6666666666666666,1.0,0.8,0.0
office_16_24,15,0,0.8246475198688279,0.03672846509350409,0.16181826731971613,1.389633099999628,sdp_006,15,0.6711160192313365,0.05203571738467456,0.7617576545086209,visibility_sdp,0.13333333333333333,1.0,0.6666666666666666,1.0,0.8,0.0
office_16_24,15,0,2.406105218950717,0.033573842388099594,0.16181826584871592,1.37048760000107,sdp_007,15,0.9738263849357089,0.05203571738467509,1.5096585241468699,visibility_sdp,0.13333333333333333,0.8666666666666667,0.6666666666666666,0.9333333333333333,0.8,0.0
office_16_24,15,0,0.8387674602964861,0.03657588007374082,0.16181826553248108,1.2878611000014644,sdp_008,15,0.798325172386219,0.05203571738467465,0.8373232408500091,visibility_sdp,0.13333333333333333,1.0,0.6666666666666666,1.0,0.8,0.0
office_16_24,15,0,0.7872821429040741,0.03708830633358933,0.16181826984968659,1.3221088999998756,sdp_009,15,0.6143452178696768,0.05203571738472513,0.7077914803227597,visibility_sdp,0.13333333333333333,1.0,0.6666666666666666,1.0,0.8,0.0
office_16_24,15,0,0.794627084018612,0.03693820090970087,0.16181826716397862,1.3989021000015782,sdp_010,15,0.6347219227711668,0.0520357173846739,0.7204230624172379,visibility_sdp,0.13333333333333333,1.0,0.6666666666666666,1.0,0.8,0.0
office_16_24,15,0,0.8280347210597047,0.03686323538247938,0.16181826506404384,1.399419500001386,sdp_011,15,0.7022158940317629,0.05203571738467408,0.7615630985519976,visibility_sdp,0.13333333333333333,1.0,0.6666666666666666,1.0,0.8,0.0
office_16_24,15,0,0.8146197067868822,0.03707723097768188,0.16181827399053264,1.470620100000815,sdp_012,15,0.647222533227148,0.05203571738467225,0.7491915899748302,visibility_sdp,0.13333333333333333,1.0,0.6666666666666666,1.0,0.8,0.0
office_16_24,15,0,0.8146245109975677,0.03673184227349051,0.1618182602012014,1.4695616999997583,sdp_013,15,0.6602656612178978,0.05203571738468627,0.7491922520309603,visibility_sdp,0.13333333333333333,1.0,0.6666666666666666,1.0,0.8,0.0
office_16_24,15,0,0.8146399252607948,0.03702503255652041,0.1618182587646621,1.3581942999990133,sdp_014,15,0.6514568681715273,0.05203571738467793,0.7491998267986737,visibility_sdp,0.13333333333333333,1.0,0.6666666666666666,1.0,0.8,0.0
office_16_24,15,0,0.8146458098746489,0.036906175892749235,0.16181827552377495,1.3989352999997209,sdp_015,15,0.6505643382815158,0.052035717384771335,0.7491995390534643,visibility_sdp,0.13333333333333333,1.0,0.6666666666666666,1.0,0.8,0.0
office_16_24,15,0,0.8146172804304318,0.03669044400372289,0.16181827805905039,1.3650295000006736,sdp_016,15,0.6611166091432721,0.05203571738469208,0.7491907609211528,visibility_sdp,0.13333333333333333,1.0,0.6666666666666666,1.0,0.8,0.0
office_16_24,15,0,0.8146431022231202,0.0371637420334146,0.1618182624154838,1.3606462999996438,sdp_017,15,0.6295226128290777,0.05203571738467647,0.749198201795967,visibility_sdp,0.13333333333333333,1.0,0.6666666666666666,1.0,0.8666666666666667,0.0
office_16_24,15,0,0.8253497484979052,0.037009099881575545,0.16181826978152183,1.2505266000007396,sdp_018,15,0.6513286772484602,0.05203571738467253,0.752411733988362,visibility_sdp,0.13333333333333333,1.0,0.6666666666666666,1.0,0.8,0.0
office_16_24,15,0,0.8146429589346069,0.03711829392740511,0.16181827606569935,1.3198252999973192,sdp_019,15,0.6461621694000287,0.05203571738473901,0.7491988824099063,visibility_sdp,0.13333333333333333,1.0,0.6666666666666666,1.0,0.8,0.0
office_16_24,15,0,0.8253573852851714,0.0369071348858571,0.16181826523433926,1.3988109000019904,sdp_020,15,0.660132355843246,0.052035717384674,0.7524138514297671,visibility_sdp,0.13333333333333333,1.0,0.6666666666666666,1.0,0.8,0.0
office_16_24,15,0,0.8253573852851714,0.0369071348858571,0.16181826720558748,1.2996597999990627,sdp_021,15,0.660132355843246,0.05203571738467387,0.7524138514297671,visibility_sdp,0.13333333333333333,1.0,0.6666666666666666,1.0,0.8,0.0
office_16_24,15,0,1.7943359629253932,0.03706040831345193,0.16181828068232657,1.1993925999995554,sdp_022,15,0.6716310418300264,0.052035717384670985,1.0624539684026924,visibility_sdp,0.13333333333333333,0.9333333333333333,0.6666666666666666,1.0,0.8,0.0
office_16_24,15,0,0.910319218142497,0.037259612663421975,0.16181828067406684,1.237246500000765,sdp_023,15,0.7078267173425028,0.052035717384670985,0.797248939927269,visibility_sdp,0.13333333333333333,1.0,0.6666666666666666,1.0,0.8,0.0
office_16_24,15,0,0.9113054485388722,0.03688508935360777,0.16181828067944232,1.1473587999971642,sdp_024,15,0.681053157028846,0.052035717384670964,0.7975448106793966,visibility_sdp,0.13333333333333333,1.0,0.6666666666666666,1.0,0.8,0.0
office_16_24,15,0,1.8973212164132365,0.03357384238809952,0.1618182806799369,1.173405699999421,sdp_025,15,0.846261956433165,0.05203571738467095,1.2070665303004349,visibility_sdp,0.13333333333333333,0.9333333333333333,0.6666666666666666,1.0,0.8,0.0
office_16_24,15,0,0.6984497946285614,0.03654981588130294,0.16181827949627914,1.205232899999828,sdp_026,15,0.3133146314531559,0.05203693598892561,0.44348272580541265,visibility_sdp,0.13333333333333333,1.0,0.6666666666666666,1.0,0.9333333333333333,0.0
office_16_24,15,0,1.8621700473699099,0.03357384238809955,0.16181828067348966,1.1767460000010033,sdp_027,15,1.2586858892557005,0.05203571738467094,1.6776824344755612,visibility_sdp,0.13333333333333333,0.8666666666666667,0.6666666666666666,1.0,0.8,0.0
office_16_24,15,0,0.9083303523785364,0.03698221949688013,0.16181828067351664,1.198329000002559,sdp_028,15,0.6774618503732911,0.05203571738467101,0.7966522818500079,visibility_sdp,0.13333333333333333,1.0,0.6666666666666666,1.0,0.8,0.0
office_16_24,15,0,0.9113631586399152,0.03697416275041073,0.16181828067947163,1.190607299999101,sdp_029,15,0.6950953247786446,0.052035717384671006,0.7975621237316853,visibility_sdp,0.13333333333333333,1.0,0.6666666666666666,1.0,0.8,0.0
office_16_24,15,0,1.8134342615479342,0.03357384238809949,0.16181828067357534,1.1967006999984733,sdp_030,15,0.8457076692575918,0.052035717384670964,1.1812537740862932,visibility_sdp,0.13333333333333333,0.9333333333333333,0.6666666666666666,1.0,0.8,0.0
office_16_24,15,0,0.7861208033960485,0.03669148213102458,0.1618182784989482,1.3482814999988477,sdp_031,15,0.6783454070145193,0.052035717384674295,0.7204294465406871,visibility_sdp,0.13333333333333333,1.0,0.6666666666666666,1.0,0.8,0.0
random_16_24,15,0,0.3187277621374847,0.04386614380828369,0.18763993309850743,4.4378438999992795,branching_000,15,0.26673462647685486,0.05606235262562052,0.28315606240777497,visibility_branching,0.0,1.0,0.6666666666666666,1.0,1.0,0.0
random_16_24,15,0,0.3187277588360709,0.04386614380828447,0.18763993309850743,4.449771699997655,branching_001,15,0.26673462647685486,0.056062351613801444,0.28315606141735084,visibility_branching,0.0,1.0,0.6666666666666666,1.0,1.0,0.0
random_16_24,15,0,0.31662336581718653,0.04386711133559875,0.18763995543228096,4.412132400000701,branching_002,15,0.26665357086005287,0.056063625903263,0.28252460927331463,visibility_branching,0.0,1.0,0.6666666666666666,1.0,1.0,0.0
random_16_24,15,0,0.3187277902799579,0.04386614380828396,0.18763993309850743,4.493201900000713,branching_003,15,0.26673462647685486,0.056062351613801444,0.2831560708505169,visibility_branching,0.0,1.0,0.6666666666666666,1.0,1.0,0.0
random_16_24,15,0,0.3151234160957528,0.043868067817056385,0.1881027506889556,4.517841999997472,branching_004,15,0.26613586397539374,0.05606478224158058,0.2815676853662435,visibility_branching,0.06666666666666667,1.0,0.6666666666666666,1.0,1.0,0.0
random_16_24,15,0,0.3187277930762256,0.04386614380828893,0.18763993309850743,4.421597100001236,branching_005,15,0.26673462647685486,0.05606235163015776,0.28315607168939727,visibility_branching,0.0,1.0,0.6666666666666666,1.0,1.0,0.0
random_16_24,15,0,0.31872780344980994,0.04386614380828893,0.18763993309850743,4.47900799999843,branching_006,15,0.26673462647685486,0.05606235167878029,0.28315607480147253,visibility_branching,0.0,1.0,0.6666666666666666,1.0,1.0,0.0
random_16_24,15,0,0.31872770616470153,0.04386614380828893,0.18763993309850743,4.677194199997757,branching_007,15,0.26673462647685486,0.05606236013654547,0.28315604561594004,visibility_branching,0.0,1.0,0.6666666666666666,1.0,1.0,0.0
random_16_24,15,0,0.3187276959899379,0.04386614380828893,0.18763993309850743,5.024293800001033,branching_008,15,0.26673462647685486,0.05606235652675484,0.28315604256351096,visibility_branching,0.0,1.0,0.6666666666666666,1.0,1.0,0.0
random_16_24,15,0,0.3187277311586424,0.04386614380828893,0.18763993309850743,4.622542900000553,branching_009,15,0.26673462647685486,0.056062351938834944,0.2831560531141223,visibility_branching,0.0,1.0,0.6666666666666666,1.0,1.0,0.0
random_16_24,15,0,0.31872773292296946,0.04386614380828366,0.18763993063067244,4.658069900000555,branching_010,15,0.26673462647685486,0.05606235262562052,0.2831560536434204,visibility_branching,0.0,1.0,0.6666666666666666,1.0,1.0,0.0
random_16_24,15,0,0.3187277621374847,0.043866143808283804,0.18763993258475228,4.691216800001712,branching_011,15,0.26673462647685486,0.05606235262562052,0.28315606240777497,visibility_branching,0.0,1.0,0.6666666666666666,1.0,1.0,0.0
random_16_24,15,0,0.31872775595192787,0.04386614380828379,0.1876399313274302,4.511929499996768,branching_012,15,0.26673462647685486,0.05606235262562052,0.28315606055210796,visibility_branching,0.0,1.0,0.6666666666666666,1.0,1.0,0.0
random_16_24,15,0,0.3187277621374847,0.04386614380828366,0.1876399348657971,4.481600800001615,branching_013,15,0.26673462647685486,0.05606235262562052,0.28315606240777497,visibility_branching,0.0,1.0,0.6666666666666666,1.0,1.0,0.0
random_16_24,15,0,0.3187277621374847,0.043866143808283714,0.1876399348657971,4.556102500002453,branching_014,15,0.26673462647685486,0.05606235262562052,0.28315606240777497,visibility_branching,0.0,1.0,0.6666666666666666,1.0,1.0,0.0
random_16_24,15,0,0.31872775755109944,0.04386614380828379,0.1876399352083908,4.511674399996991,branching_015,15,0.26673462647685486,0.05606235262562052,0.2831560610318594,visibility_branching,0.0,1.0,0.6666666666666666,1.0,1.0,0.0
random_16_24,15,0,0.3187277621374847,0.04386614380828372,0.1876399348657971,4.53539549999914,branching_016,15,0.26673462647685486,0.05606235262562052,0.28315606240777497,visibility_branching,0.0,1.0,0.6666666666666666,1.0,1.0,0.0
random_16_24,15,0,0.3187277621374847,0.043866143808283714,0.1876399348657971,4.418210699997871,branching_017,15,0.26673462647685486,0.05606235262562052,0.28315606240777497,visibility_branching,0.0,1.0,0.6666666666666666,1.0,1.0,0.0
random_16_24,15,0,0.3187277621374847,0.04386614380828379,0.18763993154758843,4.458870800001023,branching_018,15,0.26673462647685486,0.05606235262562052,0.28315606240777497,visibility_branching,0.0,1.0,0.6666666666666666,1.0,1.0,0.0
random_16_24,15,0,0.3187277621374847,0.04386614380828369,0.1876399324323341,4.384772900000826,branching_019,15,0.26673462647685486,0.05606235262562052,0.28315606240777497,visibility_branching,0.0,1.0,0.6666666666666666,1.0,1.0,0.0
random_16_24,15,0,0.3187277621374847,0.04386614380828369,0.18763993309850743,4.402772699999332,branching_020,15,0.26673462647685486,0.05606235262562052,0.28315606240777497,visibility_branching,0.0,1.0,0.6666666666666666,1.0,1.0,0.0
random_16_24,15,0,0.3187277621374847,0.04386614380828369,0.18763993309850743,4.408689299998514,branching_021,15,0.26673462647685486,0.05606235262563737,0.28315606240777497,visibility_branching,0.0,1.0,0.6666666666666666,1.0,1.0,0.0
random_16_24,15,0,0.3187277627583407,0.04386614380828116,0.18763991094184979,3.016827100000228,branching_022,15,0.26673469963315677,0.056062351613794026,0.2831561444955464,visibility_branching,0.0,1.0,0.6666666666666666,1.0,1.0,0.0
random_16_24,15,0,0.3187277622794224,0.043866143808282056,0.18763993308859034,5.431874300000345,branching_023,15,0.2667346286293267,0.056062355527790195,0.2831560651388964,visibility_branching,0.0,1.0,0.6666666666666666,1.0,1.0,0.0
random_16_24,15,0,0.3187277244032538,0.04386614380828382,0.18763993350343844,4.5223527000016475,branching_024,15,0.2667346286293267,0.05606235187122769,0.2831560537760458,visibility_branching,0.0,1.0,0.6666666666666666,1.0,1.0,0.0
random_16_24,15,0,0.3187277902799579,0.04386614380828175,0.1876399348657971,4.513809699998092,branching_025,15,0.26673462647685486,0.056062351613801444,0.2831560708505169,visibility_branching,0.0,1.0,0.6666666666666666,1.0,1.0,0.0
random_16_24,15,0,0.3169400405441127,0.043868116466186095,0.18881233275245013,4.490547500001412,branching_026,15,0.26599900768845586,0.056063501546279614,0.2819284569837257,visibility_branching,0.0,1.0,0.6666666666666666,1.0,1.0,0.0
random_16_24,15,0,0.31872773688203504,0.04386614380828898,0.18763994696952624,4.40833339999881,branching_027,15,0.2667346286293267,0.056062351613801374,0.2831560575196802,visibility_branching,0.0,1.0,0.6666666666666666,1.0,1.0,0.0
random_16_24,15,0,0.31872776627591515,0.0438661528584871,0.18763993168745832,4.479665099999693,branching_028,15,0.2667346286293267,0.05606300650277617,0.28315606633784424,visibility_branching,0.0,1.0,0.6666666666666666,1.0,1.0,0.0
random_16_24,15,0,0.3187277627583407,0.04386614380828116,0.18763991094184979,3.1319987999995647,branching_029,15,0.26673469963315677,0.056062351613794026,0.2831561444955464,visibility_branching,0.0,1.0,0.6666666666666666,1.0,1.0,0.0
random_16_24,15,0,0.3187277627583407,0.04386614380828116,0.18763991094184979,3.083908700002212,branching_030,15,0.26673469963283986,0.05606235161379404,0.2831561444955464,visibility_branching,0.0,1.0,0.6666666666666666,1.0,1.0,0.0
random_16_24,15,0,0.3187277627583407,0.04386614380828116,0.18763991094184979,3.0562307000000146,branching_031,15,0.26673469963315677,0.056062351613794026,0.2831561444955464,visibility_branching,0.0,1.0,0.6666666666666666,1.0,1.0,0.0
random_16_24,15,0,0.31897936318663456,0.0438661498355359,0.18768025371144073,0.500830600001791,graph_scaffold_base,15,0.2665667206137813,0.05606235242355871,0.28302700198551933,graph_shortest,0.0,1.0,0.6666666666666666,1.0,1.0,0.0
random_16_24,15,0,0.31872775876535747,0.04386614380832632,0.1876399924928182,1.7635675000019546,sdp_000,15,0.26673467944554774,0.056062351621769056,0.28315612288619624,visibility_sdp,0.0,1.0,0.6666666666666666,1.0,1.0,0.0
random_16_24,15,0,0.3187277503648588,0.043866143808331065,0.1876399772593664,1.8809675000011339,sdp_001,15,0.2667347938112383,0.05606235161381759,0.28315625461470534,visibility_sdp,0.0,1.0,0.6666666666666666,1.0,1.0,0.0
random_16_24,15,0,0.3185304304122515,0.04386615143090883,0.1876399949983181,1.8140020000028017,sdp_002,15,0.2667274390506417,0.05606236166444601,0.2830968621577892,visibility_sdp,0.0,1.0,0.6666666666666666,1.0,1.0,0.0
random_16_24,15,0,0.3187277518461896,0.04386614380833286,0.18763998521281375,1.7656524999983958,sdp_003,15,0.26673481348396705,0.056062351613820754,0.28315627592167036,visibility_sdp,0.0,1.0,0.6666666666666666,1.0,1.0,0.0
random_16_24,15,0,0.3183893989390066,0.04386615897171143,0.18768233342439528,1.7843838000007963,sdp_004,15,0.266679628455813,0.05606237079925401,0.28300738517022117,visibility_sdp,0.0,1.0,0.6666666666666666,1.0,1.0,0.0
random_16_24,15,0,0.3187277647857185,0.043866143808321545,0.18763998357635964,1.6850728999997955,sdp_005,15,0.26673468604793993,0.05606235164562395,0.2831561326648364,visibility_sdp,0.0,1.0,0.6666666666666666,1.0,1.0,0.0
random_16_24,15,0,0.31872775041499574,0.04386614380836799,0.187639996100509,1.7453201999996963,sdp_006,15,0.26673468929825916,0.05606235161579265,0.28315613034170517,visibility_sdp,0.0,1.0,0.6666666666666666,1.0,1.0,0.0
random_16_24,15,0,0.3187277592076821,0.043866143808329414,0.18763999246446741,1.7684520000002522,sdp_007,15,0.2667349290673166,0.056062351613880186,0.2831564159832034,visibility_sdp,0.0,1.0,0.6666666666666666,1.0,1.0,0.0
random_16_24,15,0,0.31872776092861027,0.043866143808328026,0.1876399938134116,1.5612742000012076,sdp_008,15,0.26673480577669084,0.056062351614458446,0.2831562719191014,visibility_sdp,0.0,1.0,0.6666666666666666,1.0,1.0,0.0
random_16_24,15,0,0.31872776012431464,0.04386614380833001,0.1876399926610057,1.5628572999994503,sdp_009,15,0.2667346429626478,0.05606235167857661,0.2831560826208606,visibility_sdp,0.0,1.0,0.6666666666666666,1.0,1.0,0.0
random_16_24,15,0,0.31872775777637413,0.043866143808326666,0.1876399924928182,1.693359099997906,sdp_010,15,0.2667347002188438,0.05606235165403789,0.2831561443331556,visibility_sdp,0.0,1.0,0.6666666666666666,1.0,1.0,0.0
random_16_24,15,0,0.31872775556886457,0.04386614380832619,0.1876399924928182,1.8216624000015145,sdp_011,15,0.2667346693395477,0.05606235161632467,0.2831561088493859,visibility_sdp,0.0,1.0,0.6666666666666666,1.0,1.0,0.0
random_16_24,15,0,0.31872775912183393,0.04386614380830961,0.18763999754516056,1.5835736000008183,sdp_012,15,0.2667351857223517,0.05606235162177395,0.28315671638887513,visibility_sdp,0.0,1.0,0.6666666666666666,1.0,1.0,0.0
random_16_24,15,0,0.31872751171476005,0.04386614380831557,0.18763998891953318,1.763689899999008,sdp_013,15,0.26673468807777095,0.056062351621773726,0.28315605335960053,visibility_sdp,0.0,1.0,0.6666666666666666,1.0,1.0,0.0
random_16_24,15,0,0.3187277629000317,0.043866143808335645,0.18763996805352995,1.529685100002098,sdp_014,15,0.2667346666711227,0.056062351621777896,0.28315610696252214,visibility_sdp,0.0,1.0,0.6666666666666666,1.0,1.0,0.0
random_16_24,15,0,0.31872775999181807,0.043866143808330184,0.18763997406864047,1.5622282000003906,sdp_015,15,0.26673551314469124,0.056062351621765205,0.2831570962546678,visibility_sdp,0.0,1.0,0.6666666666666666,1.0,1.0,0.0
random_16_24,15,0,0.3187277576177105,0.04386614380833061,0.18763996044219738,1.8412611999992805,sdp_016,15,0.26673528352303866,0.05606235162175416,0.28315682817062293,visibility_sdp,0.0,1.0,0.6666666666666666,1.0,1.0,0.0
random_16_24,15,0,0.31872776265383873,0.0438661438083348,0.18763998531128012,1.5208089000007021,sdp_017,15,0.2667346796397823,0.05606235162177658,0.28315612353136854,visibility_sdp,0.0,1.0,0.6666666666666666,1.0,1.0,0.0
random_16_24,15,0,0.3187277536473138,0.0438661438083233,0.18763996097706762,1.562909899999795,sdp_018,15,0.2667346996853791,0.05606235162177193,0.28315614954131646,visibility_sdp,0.0,1.0,0.6666666666666666,1.0,1.0,0.0
random_16_24,15,0,0.31872775470985143,0.04386614380832447,0.18763998126417558,1.529258700000355,sdp_019,15,0.266735439994128,0.056062351621757905,0.2831570076802254,visibility_sdp,0.0,1.0,0.6666666666666666,1.0,1.0,0.0
random_16_24,15,0,0.31872775876535747,0.04386614380832632,0.1876399924928182,1.482648799999879,sdp_020,15,0.26673468863782535,0.056062351621769056,0.2831561336105201,visibility_sdp,0.0,1.0,0.6666666666666666,1.0,1.0,0.0
random_16_24,15,0,0.31872775876535747,0.04386614380832632,0.1876399924928182,1.5179582999990089,sdp_021,15,0.26673468739864514,0.056062351621769056,0.2831561321648099,visibility_sdp,0.0,1.0,0.6666666666666666,1.0,1.0,0.0
random_16_24,15,0,0.31872776294954697,0.04386614380828119,0.18763991114545928,1.471874900002149,sdp_022,15,0.26673469965440594,0.056062351613794026,0.2831561445761523,visibility_sdp,0.0,1.0,0.6666666666666666,1.0,1.0,0.0
random_16_24,15,0,0.31872776294767013,0.04386614380828126,0.18763991114423095,1.453117299999576,sdp_023,15,0.26673469965853885,0.05606235161379403,0.28315614458381494,visibility_sdp,0.0,1.0,0.6666666666666666,1.0,1.0,0.0
random_16_24,15,0,0.31872776294867966,0.04386614380828125,0.1876399111546646,1.467501800001628,sdp_024,15,0.266734699625992,0.05606235161379406,0.28315614454434973,visibility_sdp,0.0,1.0,0.6666666666666666,1.0,1.0,0.0
random_16_24,15,0,0.3187277629480072,0.04386614380828121,0.18763991114406361,1.466429899999639,sdp_025,15,0.2667346996973936,0.05606235161379404,0.2831561446272527,visibility_sdp,0.0,1.0,0.6666666666666666,1.0,1.0,0.0
random_16_24,15,0,0.3152690675915416,0.04387391032440711,0.18876916195311588,1.5734401000008802,sdp_026,15,0.26529836135425955,0.056066903932053054,0.2807755448197039,visibility_sdp,0.06666666666666667,1.0,0.6666666666666666,1.0,1.0,0.0
random_16_24,15,0,0.3187277629487931,0.04386614380828117,0.18763991115514245,1.514465399999608,sdp_027,15,0.26673469965669483,0.056062351613794026,0.2831561445800989,visibility_sdp,0.0,1.0,0.6666666666666666,1.0,1.0,0.0
random_16_24,15,0,0.3187277630105501,0.04386614380828128,0.18763991115451192,1.4948619999995572,sdp_028,15,0.2667346996516437,0.05606235161379401,0.28315614459289445,visibility_sdp,0.0,1.0,0.6666666666666666,1.0,1.0,0.0
random_16_24,15,0,0.31872776300031924,0.04386614380828125,0.18763991133220628,1.5295908999978565,sdp_029,15,0.26673469985084025,0.05606235161379402,0.2831561448221554,visibility_sdp,0.0,1.0,0.6666666666666666,1.0,1.0,0.0
random_16_24,15,0,0.3187277650352075,0.04386614380828125,0.18763991115399628,1.5208665000027395,sdp_030,15,0.2667346996879993,0.05606235161379405,0.28315614523496796,visibility_sdp,0.0,1.0,0.6666666666666666,1.0,1.0,0.0
random_16_24,15,0,0.31872773057431186,0.04386614380833789,0.18763998412267963,1.6215196000011929,sdp_031,15,0.26673482562479256,0.05606235161380317,0.28315628400730775,visibility_sdp,0.0,1.0,0.6666666666666666,1.0,1.0,0.0
