cases,error_cases,folded_case_rate,max_offset_m,median_known_rmse_m,median_max_offset_m,median_runtime_s,method,ok_cases,p90_max_offset_m,p95_max_offset_m,param_beam_width,param_constrained_iterations,param_constrained_known_weight,param_constrained_polish,param_final_visibility_weight,param_graph_upper_factor,param_graph_upper_sigma_m,param_graph_upper_slack_m,param_graph_upper_weight,param_hop_weight_base,param_iterations,param_known_weight,param_max_hops,param_missing_margin_m,param_missing_sigma_m,param_missing_weight,param_optimizer_seeds,param_radio_radius_m,param_relative_sigma,param_scaffold_weight,param_sdp_eps,param_sdp_max_iters,param_sdp_solver,param_seed_count,score,solver,under_1m,under_20cm,under_50cm
45,0,0.0,0.5329780593119288,0.03906309344376603,0.1733405681264386,1.721878000000288,sdp_014,45,0.30073651951774333,0.43724781545130287,,55,,True,,1.1,1.0,1.5,0.05,,45,1.0,,0.25,0.5,1.0,,8.2,,,0.0002,3000,SCS,,0.5338807634141054,visibility_sdp,1.0,0.6222222222222222,0.9777777777777777
45,0,0.0,1.1859820690488196,0.03909774265164815,0.175092764362383,1.708514500001911,sdp_008,45,0.29990959757684166,0.42408802981427723,,55,,True,,1.04,1.0,1.5,0.05,,45,1.0,,0.25,0.5,2.0,,8.2,,,0.0002,3000,SCS,,0.5864594278097549,visibility_sdp,0.9777777777777777,0.6222222222222222,0.9555555555555556
45,0,0.0,1.106867500614415,0.039063093460726846,0.17334055074590038,1.6642133000023023,sdp_012,45,0.300736509919078,0.43724832272234193,,55,,True,,1.04,1.0,1.5,0.1,,45,1.0,,0.25,0.5,1.0,,8.2,,,0.0002,3000,SCS,,0.5912702104702585,visibility_sdp,0.9777777777777777,0.6222222222222222,0.9555555555555556
45,0,0.0,1.1713224202276609,0.03906309347299636,0.17334054300103152,1.6865084999990358,sdp_013,45,0.3007364890968176,0.43724832001391256,,55,,True,,0.95,1.0,1.5,0.05,,45,1.0,,0.25,0.5,1.0,,8.2,,,0.0002,3000,SCS,,0.5977156977869366,visibility_sdp,0.9777777777777777,0.6222222222222222,0.9555555555555556
45,0,0.0,1.1713224202276609,0.039236141001428894,0.18023538721947907,1.7716612000003806,sdp_030,45,0.2997093386445096,0.4360184917473867,,55,,True,,0.95,1.0,1.5,0.05,,45,1.0,,0.25,0.25,1.0,,8.2,,,0.0002,3000,SCS,,0.5982095805750226,visibility_sdp,0.9777777777777777,0.6222222222222222,0.9555555555555556
45,0,0.0,1.3910090260401229,0.039063093484604475,0.17334054799171308,1.723086300000432,sdp_011,45,0.3007365007724065,0.4372479573679787,,55,,True,,1.04,1.0,1.5,0.025,,45,1.0,,0.25,0.5,1.0,,8.2,,,0.0002,3000,SCS,,0.6196839969699193,visibility_sdp,0.9777777777777777,0.6222222222222222,0.9555555555555556
45,0,0.0,1.0955684637231375,0.03905421694002488,0.173220407404778,1.733907599998929,sdp_024,45,0.3024637488322045,0.4958408236116454,,55,,True,,0.95,1.0,1.5,0.05,,45,1.0,,0.25,0.5,0.5,,8.2,,,0.0002,3000,SCS,,0.6487027718351537,visibility_sdp,0.9777777777777777,0.6222222222222222,0.9333333333333333
45,0,0.0,1.1148469007630355,0.03905421693776182,0.17322043479735838,1.713615499997104,sdp_023,45,0.3024636934042141,0.49583956918383043,,55,,True,,0.95,1.0,1.25,0.05,,45,2.0,,0.25,0.5,1.0,,8.2,,,0.0002,3000,SCS,,0.6506293679594736,visibility_sdp,0.9777777777777777,0.6222222222222222,0.9333333333333333
45,0,0.0,1.3931977288064614,0.03905421693270335,0.17322043993730066,1.7419340999986161,sdp_006,45,0.30246333086832766,0.49583887645767566,,55,,True,,1.04,1.0,1.5,0.05,,45,2.0,,0.25,0.5,1.0,,8.2,,,0.0002,3000,SCS,,0.6784637593226469,visibility_sdp,0.9777777777777777,0.6222222222222222,0.9333333333333333
45,0,0.0,0.7311155579703945,0.039051216430831655,0.17309987964123905,1.6543457000007038,sdp_031,45,0.44554651452904054,0.5793214924515022,,55,,False,,1.1,1.0,1.5,0.1,,45,1.0,,0.25,0.25,1.0,,8.2,,,0.0002,3000,SCS,,0.6957080181588514,visibility_sdp,1.0,0.6222222222222222,0.9111111111111111
45,0,0.022222222222222223,1.9088293056560808,0.039097742581143916,0.17509305043421042,1.7119993000014802,sdp_005,45,0.29990959862840194,0.42408796106069974,,55,,True,,1.04,1.0,1.5,0.05,,45,0.5,,0.25,0.5,1.0,,8.2,,,0.0002,3000,SCS,,0.7031885986793048,visibility_sdp,0.9777777777777777,0.6222222222222222,0.9555555555555556
45,0,0.022222222222222223,2.31847899304822,0.039099489346914346,0.17714870077522266,1.7543549000001804,sdp_022,45,0.30147515230435523,0.4578786756857601,,55,,True,,1.04,0.75,1.25,0.05,,45,1.0,,0.25,0.5,1.0,,8.45,,,0.0002,3000,SCS,,0.7784581946288321,visibility_sdp,0.9777777777777777,0.6666666666666666,0.9555555555555556
45,0,0.022222222222222223,2.31847899304822,0.039099489346914346,0.17714870077522266,1.6884248000023945,sdp_027,45,0.30147515230435523,0.4578786756857601,,55,,True,,1.04,1.0,1.25,0.05,,45,1.0,,0.25,0.5,1.0,,8.45,,,0.0002,3000,SCS,,0.7784581946288321,visibility_sdp,0.9777777777777777,0.6666666666666666,0.9555555555555556
45,0,0.022222222222222223,2.64551321641654,0.03905421692607593,0.17322042876002652,1.7678564000016195,sdp_020,45,0.3024634004868795,0.4958393996815413,,55,,True,,1.04,1.0,1.25,0.05,,45,2.0,,0.25,0.5,1.0,,8.2,,,0.0002,3000,SCS,,0.8481402729576463,visibility_sdp,0.9777777777777777,0.6222222222222222,0.9333333333333333
45,0,0.0,1.4111822798952716,0.03905121643083166,0.17309987964646692,1.6159947000014654,sdp_019,45,0.45296760566080685,0.6995722342149384,,55,,False,,1.04,1.0,1.5,0.05,,45,1.0,,0.25,0.5,1.0,,8.2,,,0.0002,3000,SCS,,0.8839654321160824,visibility_sdp,0.9777777777777777,0.6222222222222222,0.9111111111111111
45,0,0.0,1.4111822798952716,0.03905121643083166,0.17309987964646692,1.6333599999998114,sdp_025,45,0.45296760566080685,0.6995722342149384,,55,,False,,1.04,0.75,1.5,0.05,,45,1.0,,0.25,0.5,1.0,,8.2,,,0.0002,3000,SCS,,0.8839654321160824,visibility_sdp,0.9777777777777777,0.6222222222222222,0.9111111111111111
45,0,0.022222222222222223,4.013750717926933,0.03911813276152144,0.1735352105685147,1.8007848000015656,sdp_029,45,0.33970021663598027,0.40795261246927794,,55,,True,,1.04,1.0,1.75,0.05,,45,1.0,,0.125,0.25,1.0,,8.2,,,0.0002,3000,SCS,,0.8971559313485443,visibility_sdp,0.9777777777777777,0.6444444444444445,0.9555555555555556
45,0,0.022222222222222223,3.916477419574785,0.03906309346738393,0.17334056091698163,1.7676817999999912,sdp_016,45,0.3007365021034686,0.43724779780916667,,55,,True,,1.04,1.0,1.75,0.05,,45,1.0,,0.25,0.5,1.0,,8.2,,,0.0002,3000,SCS,,0.9166751244403349,visibility_sdp,0.9777777777777777,0.6222222222222222,0.9555555555555556
45,0,0.022222222222222223,4.305408355504043,0.03911813279824164,0.173535193619257,1.7134226000016497,sdp_021,45,0.33970008158900894,0.40795261560565405,,55,,True,,1.04,1.0,1.5,0.05,,45,1.0,,0.125,0.25,1.0,,8.2,,,0.0002,3000,SCS,,0.926321694005317,visibility_sdp,0.9777777777777777,0.6444444444444445,0.9555555555555556
45,0,0.022222222222222223,4.291977026859217,0.03907718250125461,0.1745854522613909,1.7581323999984306,sdp_028,45,0.3010057084323463,0.43671885172511693,,55,,True,,1.04,1.0,1.5,0.05,,45,1.0,,0.125,0.5,1.0,,8.45,,,0.0002,3000,SCS,,0.9540073619208308,visibility_sdp,0.9777777777777777,0.6666666666666666,0.9555555555555556
45,0,0.022222222222222223,4.293443964925853,0.03906309346627097,0.17334055223383651,1.7277209000021685,sdp_000,45,0.30073650377723293,0.4372478667610965,,55,,True,,1.04,1.0,1.5,0.05,,45,1.0,,0.25,0.5,1.0,,8.2,,,0.0002,3000,SCS,,0.9543718457565854,visibility_sdp,0.9777777777777777,0.6222222222222222,0.9555555555555556
45,0,0.022222222222222223,4.293443964925853,0.03906309346627097,0.17334055223383651,1.7569438999998965,sdp_017,45,0.30073650377723293,0.4372478667610965,,55,,True,,1.04,0.75,1.5,0.05,,45,1.0,,0.25,0.5,1.0,,8.2,,,0.0002,3000,SCS,,0.9543718457565854,visibility_sdp,0.9777777777777777,0.6222222222222222,0.9555555555555556
45,0,0.022222222222222223,4.293443964925853,0.03906309346627097,0.17334055223383651,1.7714254000020446,sdp_018,45,0.30073650377723293,0.4372478667610965,,55,,True,,1.04,1.25,1.5,0.05,,45,1.0,,0.25,0.5,1.0,,8.2,,,0.0002,3000,SCS,,0.9543718457565854,visibility_sdp,0.9777777777777777,0.6222222222222222,0.9555555555555556
45,0,0.022222222222222223,4.293443964925853,0.03923621196245984,0.18023539248346052,1.705463599999348,sdp_009,45,0.29970941536079265,0.43601850271932263,,55,,True,,1.04,1.0,1.5,0.05,,45,1.0,,0.25,0.25,1.0,,8.2,,,0.0002,3000,SCS,,0.9548661917772175,visibility_sdp,0.9777777777777777,0.6222222222222222,0.9555555555555556
45,0,0.022222222222222223,4.438378580513066,0.03907624338180424,0.1731844636764858,5.899124499999743,branching_006,45,0.3704106881757926,0.42439255423534483,32,55,1.0,True,1.0,1.0,1.0,0.75,0.35,,45,,,0.25,0.75,8.0,16,8.0,,,,,,,0.9559709726502174,visibility_branching,0.9777777777777777,0.6444444444444445,0.9555555555555556
45,0,0.022222222222222223,4.438378721571745,0.03907624345169726,0.1731844643555998,5.999862999997276,branching_020,45,0.37041066641605913,0.4243926404944126,32,55,0.5,True,1.0,1.0,1.0,0.75,0.35,,45,,,0.25,0.75,4.0,16,8.0,,,,,,,0.9559710731849315,visibility_branching,0.9777777777777777,0.6444444444444445,0.9555555555555556
45,0,0.022222222222222223,4.47617803645665,0.039082653954574366,0.17319476586394825,5.950567700001557,branching_022,45,0.3653585263559908,0.4240234469174391,32,55,1.0,True,1.0,1.0,1.0,0.75,0.7,,45,,,0.25,0.5,4.0,16,8.0,,,,,,,0.9593843864735356,visibility_branching,0.9777777777777777,0.6444444444444445,0.9555555555555556
45,0,0.022222222222222223,4.47617803645665,0.039082653954574366,0.17319476586394825,5.881251499999053,branching_007,45,0.3653585263559908,0.4240234617352698,32,55,1.0,True,1.0,1.0,1.0,0.75,0.35,,45,,,0.25,0.5,4.0,16,8.0,,,,,,,0.9593844012913663,visibility_branching,0.9777777777777777,0.6444444444444445,0.9555555555555556
45,0,0.022222222222222223,4.3486292876523525,0.03906309346455421,0.1733405490920727,1.7242829999995593,sdp_015,45,0.3007365019340283,0.43724827959948337,,55,,True,,1.04,1.0,1.25,0.05,,45,1.0,,0.25,0.5,1.0,,8.2,,,0.0002,3000,SCS,,0.9598907900821813,visibility_sdp,0.9777777777777777,0.6222222222222222,0.9555555555555556
45,0,0.0,1.6255101883354384,0.03905121835337119,0.17311915314619797,0.5129572000005282,graph_scaffold_base,45,0.4708457526587448,0.7557720412941445,,,,False,,,,,,1.4,45,,2,,,,,,0.3,2.0,,,,6,0.9616028484142379,graph_shortest,0.9555555555555556,0.6222222222222222,0.8888888888888888
45,0,0.022222222222222223,4.2844984730460585,0.0390994893232339,0.17714870236801758,1.7585626000000047,sdp_002,45,0.30147514948262816,0.4578786925751343,,55,,True,,1.04,1.0,1.5,0.05,,45,1.0,,0.25,0.5,1.0,,8.45,,,0.0002,3000,SCS,,0.975060159916189,visibility_sdp,0.9777777777777777,0.6666666666666666,0.9555555555555556
45,0,0.022222222222222223,4.2844984730460585,0.0390994893232339,0.17714870236801758,1.750374000002921,sdp_004,45,0.30147514948262816,0.4578786925751343,,55,,True,,1.04,1.0,1.5,0.05,,45,1.0,,0.5,0.5,1.0,,8.2,,,0.0002,3000,SCS,,0.975060159916189,visibility_sdp,0.9777777777777777,0.6666666666666666,0.9555555555555556
45,0,0.022222222222222223,4.2844984730460585,0.0390994893232339,0.17714870236801758,1.686795000001439,sdp_026,45,0.30147514948262816,0.4578786925751343,,55,,True,,1.04,0.75,1.5,0.05,,45,1.0,,0.5,0.5,1.0,,8.2,,,0.0002,3000,SCS,,0.975060159916189,visibility_sdp,0.9777777777777777,0.6666666666666666,0.9555555555555556
45,0,0.022222222222222223,4.668238622236535,0.039102966475969274,0.17604592960641705,5.590225600000849,branching_002,45,0.3002364148351801,0.4306755219897044,32,55,1.0,True,1.0,1.0,1.0,0.75,0.35,,45,,,0.25,0.75,4.0,16,8.25,,,,,,,0.9859553110594065,visibility_branching,0.9777777777777777,0.6444444444444445,0.9555555555555556
45,0,0.022222222222222223,4.668238622236535,0.039102966475969274,0.17604592960641705,5.48298650000288,branching_004,45,0.3002364148351801,0.4306755219897044,32,55,1.0,True,1.0,1.0,1.0,0.75,0.35,,45,,,0.5,0.75,4.0,16,8.0,,,,,,,0.9859553110594065,visibility_branching,0.9777777777777777,0.6444444444444445,0.9555555555555556
45,0,0.022222222222222223,4.668238622236535,0.03910296647337573,0.17604592960641705,5.764074700000492,branching_023,45,0.3002364148351801,0.43067555336951974,32,55,1.0,True,1.0,1.0,1.25,1.0,0.35,,45,,,0.25,0.75,4.0,16,8.25,,,,,,,0.9859553424392219,visibility_branching,0.9777777777777777,0.6444444444444445,0.9555555555555556
45,0,0.022222222222222223,4.305408355504043,0.03905564506611079,0.17321051195517356,1.7462397000017518,sdp_003,45,0.34701287028863564,0.4744351653418534,,55,,True,,1.04,1.0,1.5,0.05,,45,1.0,,0.125,0.5,1.0,,8.2,,,0.0002,3000,SCS,,0.9927230733254956,visibility_sdp,0.9777777777777777,0.6222222222222222,0.9555555555555556
45,0,0.022222222222222223,4.531885592387547,0.03905766604270129,0.17314265006781224,5.640838200000871,branching_000,45,0.3738800777473038,0.4570396010538002,32,55,1.0,True,1.0,1.0,1.0,0.75,0.35,,45,,,0.25,0.75,4.0,16,8.0,,,,,,,0.9979582672539523,visibility_branching,0.9777777777777777,0.6444444444444445,0.9555555555555556
45,0,0.022222222222222223,4.531885592387547,0.03905766604270129,0.17314265006781224,5.671100299998216,branching_009,45,0.3738802452764506,0.4570396010538002,32,55,1.0,True,1.0,1.0,1.0,0.75,0.175,,45,,,0.25,0.75,4.0,16,8.0,,,,,,,0.9979582672539523,visibility_branching,0.9777777777777777,0.6444444444444445,0.9555555555555556
45,0,0.022222222222222223,4.531885592387547,0.03905766604270129,0.17314265006781224,5.590796500000579,branching_010,45,0.3738800774866106,0.4570396010538002,32,55,1.0,True,1.0,1.0,1.0,0.75,0.7,,45,,,0.25,0.75,4.0,16,8.0,,,,,,,0.9979582672539523,visibility_branching,0.9777777777777777,0.6444444444444445,0.9555555555555556
45,0,0.022222222222222223,4.531885592387547,0.03905766604270129,0.17314265006781224,5.715253700000176,branching_012,45,0.3738803045969594,0.4570396010538002,32,55,1.0,True,1.0,1.1,1.0,0.75,0.35,,45,,,0.25,0.75,4.0,16,8.0,,,,,,,0.9979582672539523,visibility_branching,0.9777777777777777,0.6444444444444445,0.9555555555555556
45,0,0.022222222222222223,4.531885592387547,0.03905766604270129,0.17314265006781224,5.700196900001174,branching_013,45,0.37388007994010236,0.4570396010538002,32,55,1.0,True,1.0,1.0,1.0,0.5,0.35,,45,,,0.25,0.75,4.0,16,8.0,,,,,,,0.9979582672539523,visibility_branching,0.9777777777777777,0.6444444444444445,0.9555555555555556
45,0,0.022222222222222223,4.531885592387547,0.03905766604270129,0.17314265006781224,5.721021900000778,branching_014,45,0.3738800791865156,0.4570396010538002,32,55,1.0,True,1.0,1.0,1.0,1.0,0.35,,45,,,0.25,0.75,4.0,16,8.0,,,,,,,0.9979582672539523,visibility_branching,0.9777777777777777,0.6444444444444445,0.9555555555555556
45,0,0.022222222222222223,4.531885592387547,0.03905766604270129,0.17314265006781224,5.729650700002821,branching_015,45,0.37388007994010236,0.4570396010538002,32,55,1.0,True,1.0,1.0,0.75,0.75,0.35,,45,,,0.25,0.75,4.0,16,8.0,,,,,,,0.9979582672539523,visibility_branching,0.9777777777777777,0.6444444444444445,0.9555555555555556
45,0,0.022222222222222223,4.531885592387547,0.03905766604270129,0.17314265006781224,5.7077435000028345,branching_016,45,0.37388007832721515,0.4570396010538002,32,55,1.0,True,1.0,1.0,1.25,0.75,0.35,,45,,,0.25,0.75,4.0,16,8.0,,,,,,,0.9979582672539523,visibility_branching,0.9777777777777777,0.6444444444444445,0.9555555555555556
45,0,0.022222222222222223,4.531885592387547,0.03905766604270129,0.17314265006781224,5.6338369000004604,branching_017,45,0.3738800777473038,0.4570396010538002,32,55,1.0,True,0.5,1.0,1.0,0.75,0.35,,45,,,0.25,0.75,4.0,16,8.0,,,,,,,0.9979582672539523,visibility_branching,0.9777777777777777,0.6444444444444445,0.9555555555555556
45,0,0.022222222222222223,4.531885592387547,0.03905766604270129,0.17314265006781224,5.716099600002053,branching_018,45,0.3738800777473038,0.4570396010538002,32,55,1.0,True,2.0,1.0,1.0,0.75,0.35,,45,,,0.25,0.75,4.0,16,8.0,,,,,,,0.9979582672539523,visibility_branching,0.9777777777777777,0.6444444444444445,0.9555555555555556
45,0,0.022222222222222223,4.531885592387547,0.03905766604270129,0.17314265006781224,5.699242799997592,branching_028,45,0.37388007994010236,0.4570396010538002,32,55,1.0,True,0.5,1.0,1.0,0.5,0.35,,45,,,0.25,0.75,4.0,16,8.0,,,,,,,0.9979582672539523,visibility_branching,0.9777777777777777,0.6444444444444445,0.9555555555555556
45,0,0.022222222222222223,4.5500754965132835,0.03905749554845769,0.17316077804031432,5.570339600002626,branching_011,45,0.37425858778442506,0.4572696203871072,32,55,1.0,True,1.0,0.95,1.0,0.75,0.35,,45,,,0.25,0.75,4.0,16,8.0,,,,,,,1.0000118089929586,visibility_branching,0.9777777777777777,0.6444444444444445,0.9555555555555556
45,0,0.022222222222222223,4.346194120316465,0.039054216929493214,0.17322041651593043,1.7219769000002998,sdp_007,45,0.30246331509725777,0.4958396942872945,,55,,True,,1.04,1.0,1.5,0.05,,45,1.0,,0.25,0.5,0.5,,8.2,,,0.0002,3000,SCS,,1.0182086548923681,visibility_sdp,0.9777777777777777,0.6222222222222222,0.9333333333333333
45,0,0.022222222222222223,4.293443964925853,0.03905197049083232,0.17316016940243908,1.658343800001603,sdp_010,45,0.3074219696544663,0.5102120100067407,,55,,True,,1.04,1.0,1.5,0.05,,45,1.0,,0.25,1.0,1.0,,8.2,,,0.0002,3000,SCS,,1.0272908932943803,visibility_sdp,0.9777777777777777,0.6222222222222222,0.9333333333333333
45,0,0.022222222222222223,4.317562639879007,0.03905235182235443,0.1730997842406225,1.711413499997434,sdp_001,45,0.3734926354049931,0.5104162233278714,,55,,True,,1.04,1.0,1.5,0.05,,45,1.0,,0.25,0.5,1.0,,7.95,,,0.0002,3000,SCS,,1.0298918778203723,visibility_sdp,0.9777777777777777,0.6222222222222222,0.9333333333333333
45,0,0.022222222222222223,4.643293032595706,0.039052853778614637,0.1731213848218941,5.572878499999206,branching_021,45,0.37366582215300237,0.5021944739264126,32,55,2.0,True,1.0,1.0,1.0,0.75,0.35,,45,,,0.25,0.75,4.0,16,8.0,,,,,,,1.054248567835901,visibility_branching,0.9777777777777777,0.6222222222222222,0.9333333333333333
45,0,0.022222222222222223,4.643293032595706,0.03905285377792265,0.1731213848218941,5.5374778999976115,branching_026,45,0.37366582215300237,0.5021944739264126,32,55,2.0,True,1.0,1.0,1.25,0.75,0.7,,45,,,0.25,0.75,4.0,16,8.0,,,,,,,1.054248567835901,visibility_branching,0.9777777777777777,0.6222222222222222,0.9333333333333333
45,0,0.022222222222222223,4.63713903883888,0.03905328470717793,0.1731240494388154,5.436437599997589,branching_008,45,0.37369278158674996,0.5028210043996308,32,55,1.0,True,1.0,1.0,1.0,0.75,0.35,,45,,,0.25,1.0,4.0,16,8.0,,,,,,,1.0542603650876672,visibility_branching,0.9777777777777777,0.6222222222222222,0.9333333333333333
45,0,0.022222222222222223,4.644999624634108,0.03905285377314981,0.1731213743260091,5.364658299997245,branching_005,45,0.37366574357395965,0.5021735265699555,32,55,1.0,True,1.0,1.0,1.0,0.75,0.35,,45,,,0.25,0.75,2.0,16,8.0,,,,,,,1.054398277059313,visibility_branching,0.9777777777777777,0.6222222222222222,0.9333333333333333
45,0,0.022222222222222223,4.644999624634108,0.03905285377314981,0.1731213743260091,5.6747858000017,branching_025,45,0.37366574357395965,0.5021735265699555,32,55,1.0,True,2.0,1.0,0.75,0.75,0.35,,45,,,0.25,0.75,2.0,16,8.0,,,,,,,1.054398277059313,visibility_branching,0.9777777777777777,0.6222222222222222,0.9333333333333333
45,0,0.022222222222222223,4.578268613179034,0.03905248489181968,0.17309984818115318,5.504699400000391,branching_003,45,0.3734473564030273,0.5265679687952769,32,55,1.0,True,1.0,1.0,1.0,0.75,0.35,,45,,,0.125,0.75,4.0,16,8.0,,,,,,,1.072114236602913,visibility_branching,0.9777777777777777,0.6222222222222222,0.9111111111111111
45,0,0.022222222222222223,4.505066119934507,0.03905127151128126,0.17309984818115318,5.896182800002862,branching_029,45,0.3734473196776411,0.5428975209626219,32,55,1.0,True,1.0,1.0,1.0,0.75,0.35,,45,,,0.25,0.5,4.0,16,7.75,,,,,,,1.0811235394458054,visibility_branching,0.9777777777777777,0.6222222222222222,0.9111111111111111
45,0,0.022222222222222223,4.518145641647996,0.03905126020671557,0.17309984818115318,5.781547099999443,branching_024,45,0.3734473034137335,0.5463032981669824,32,55,1.0,True,0.5,1.0,1.0,0.75,0.35,,45,,,0.25,0.75,8.0,16,7.75,,,,,,,1.0858372688215148,visibility_branching,0.9777777777777777,0.6222222222222222,0.9111111111111111
45,0,0.022222222222222223,4.6785462896374845,0.03905153808126869,0.17309984991836824,5.5159624999978405,branching_027,45,0.37344729710573304,0.5471357377520061,32,55,2.0,True,1.0,1.0,1.0,0.75,0.35,,45,,,0.125,0.75,4.0,16,8.0,,,,,,,1.102709773639791,visibility_branching,0.9777777777777777,0.6222222222222222,0.9111111111111111
45,0,0.022222222222222223,4.6533448707900344,0.03905122763536816,0.17309984818115318,5.56008970000039,branching_001,45,0.3734473564030273,0.5709910103432777,32,55,1.0,True,1.0,1.0,1.0,0.75,0.35,,45,,,0.25,0.75,4.0,16,7.75,,,,,,,1.124044903912014,visibility_branching,0.9777777777777777,0.6222222222222222,0.9111111111111111
45,0,0.022222222222222223,4.821409536704914,0.03905121643083157,0.17309987973387667,2.5097850000020117,branching_019,45,0.37344724823841047,0.6953331999463253,32,55,1.0,False,1.0,1.0,1.0,0.75,0.35,,45,,,0.25,0.75,4.0,16,8.0,,,,,,,1.2651935679947304,visibility_branching,0.9777777777777777,0.6222222222222222,0.9111111111111111
45,0,0.022222222222222223,4.821409536704914,0.03905121643083157,0.17309987973387667,2.5224705999971775,branching_030,45,0.37344724823841047,0.6953331999463253,32,55,1.0,False,2.0,1.0,1.0,0.75,0.35,,45,,,0.25,0.75,4.0,16,8.0,,,,,,,1.2651935679947304,visibility_branching,0.9777777777777777,0.6222222222222222,0.9111111111111111
45,0,0.022222222222222223,4.821409536704914,0.03905121643083157,0.17309987973387667,2.5619804999987537,branching_031,45,0.37344724823841047,0.6953331999463253,32,55,1.0,False,0.5,1.0,1.25,0.75,0.35,,45,,,0.25,0.75,4.0,16,8.0,,,,,,,1.2651935679947304,visibility_branching,0.9777777777777777,0.6222222222222222,0.9111111111111111
